entity,year,value,indicator,unit,family,source
United States,1800,2952.0,daily_calorie_supply,kcal per person per day,provision,"Our World in Data, FAO food balances"
United States,1810,2935.0,daily_calorie_supply,kcal per person per day,provision,"Our World in Data, FAO food balances"
United States,1820,2904.0,daily_calorie_supply,kcal per person per day,provision,"Our World in Data, FAO food balances"
United States,1830,2888.0,daily_calorie_supply,kcal per person per day,provision,"Our World in Data, FAO food balances"
United States,1840,3013.0,daily_calorie_supply,kcal per person per day,provision,"Our World in Data, FAO food balances"
United States,1850,2585.0,daily_calorie_supply,kcal per person per day,provision,"Our World in Data, FAO food balances"
United States,1860,2826.0,daily_calorie_supply,kcal per person per day,provision,"Our World in Data, FAO food balances"
United States,1870,3029.0,daily_calorie_supply,kcal per person per day,provision,"Our World in Data, FAO food balances"
United States,1880,3237.0,daily_calorie_supply,kcal per person per day,provision,"Our World in Data, FAO food balances"
United States,1890,3134.0,daily_calorie_supply,kcal per person per day,provision,"Our World in Data, FAO food balances"
United States,1900,3212.0,daily_calorie_supply,kcal per person per day,provision,"Our World in Data, FAO food balances"
United States,1909,3400.0,daily_calorie_supply,kcal per person per day,provision,"Our World in Data, FAO food balances"
United States,1910,3400.0,daily_calorie_supply,kcal per person per day,provision,"Our World in Data, FAO food balances"
United States,1911,3400.0,daily_calorie_supply,kcal per person per day,provision,"Our World in Data, FAO food balances"
United States,1912,3400.0,daily_calorie_supply,kcal per person per day,provision,"Our World in Data, FAO food balances"
United States,1913,3400.0,daily_calorie_supply,kcal per person per day,provision,"Our World in Data, FAO food balances"
United States,1914,3400.0,daily_calorie_supply,kcal per person per day,provision,"Our World in Data, FAO food balances"
United States,1915,3300.0,daily_calorie_supply,kcal per person per day,provision,"Our World in Data, FAO food balances"
United States,1916,3300.0,daily_calorie_supply,kcal per person per day,provision,"Our World in Data, FAO food balances"
United States,1917,3200.0,daily_calorie_supply,kcal per person per day,provision,"Our World in Data, FAO food balances"
United States,1918,3300.0,daily_calorie_supply,kcal per person per day,provision,"Our World in Data, FAO food balances"
United States,1919,3300.0,daily_calorie_supply,kcal per person per day,provision,"Our World in Data, FAO food balances"
United States,1920,3200.0,daily_calorie_supply,kcal per person per day,provision,"Our World in Data, FAO food balances"
United States,1921,3100.0,daily_calorie_supply,kcal per person per day,provision,"Our World in Data, FAO food balances"
United States,1922,3400.0,daily_calorie_supply,kcal per person per day,provision,"Our World in Data, FAO food balances"
United States,1923,3400.0,daily_calorie_supply,kcal per person per day,provision,"Our World in Data, FAO food balances"
United States,1924,3400.0,daily_calorie_supply,kcal per person per day,provision,"Our World in Data, FAO food balances"
United States,1925,3400.0,daily_calorie_supply,kcal per person per day,provision,"Our World in Data, FAO food balances"
United States,1926,3400.0,daily_calorie_supply,kcal per person per day,provision,"Our World in Data, FAO food balances"
United States,1927,3400.0,daily_calorie_supply,kcal per person per day,provision,"Our World in Data, FAO food balances"
United States,1928,3500.0,daily_calorie_supply,kcal per person per day,provision,"Our World in Data, FAO food balances"
United States,1929,3400.0,daily_calorie_supply,kcal per person per day,provision,"Our World in Data, FAO food balances"
United States,1930,3400.0,daily_calorie_supply,kcal per person per day,provision,"Our World in Data, FAO food balances"
United States,1931,3400.0,daily_calorie_supply,kcal per person per day,provision,"Our World in Data, FAO food balances"
United States,1932,3300.0,daily_calorie_supply,kcal per person per day,provision,"Our World in Data, FAO food balances"
United States,1933,3200.0,daily_calorie_supply,kcal per person per day,provision,"Our World in Data, FAO food balances"
United States,1934,3200.0,daily_calorie_supply,kcal per person per day,provision,"Our World in Data, FAO food balances"
United States,1935,3200.0,daily_calorie_supply,kcal per person per day,provision,"Our World in Data, FAO food balances"
United States,1936,3300.0,daily_calorie_supply,kcal per person per day,provision,"Our World in Data, FAO food balances"
United States,1937,3200.0,daily_calorie_supply,kcal per person per day,provision,"Our World in Data, FAO food balances"
United States,1938,3200.0,daily_calorie_supply,kcal per person per day,provision,"Our World in Data, FAO food balances"
United States,1939,3300.0,daily_calorie_supply,kcal per person per day,provision,"Our World in Data, FAO food balances"
United States,1940,3300.0,daily_calorie_supply,kcal per person per day,provision,"Our World in Data, FAO food balances"
United States,1941,3400.0,daily_calorie_supply,kcal per person per day,provision,"Our World in Data, FAO food balances"
United States,1942,3300.0,daily_calorie_supply,kcal per person per day,provision,"Our World in Data, FAO food balances"
United States,1943,3400.0,daily_calorie_supply,kcal per person per day,provision,"Our World in Data, FAO food balances"
United States,1944,3400.0,daily_calorie_supply,kcal per person per day,provision,"Our World in Data, FAO food balances"
United States,1945,3300.0,daily_calorie_supply,kcal per person per day,provision,"Our World in Data, FAO food balances"
United States,1946,3300.0,daily_calorie_supply,kcal per person per day,provision,"Our World in Data, FAO food balances"
United States,1947,3300.0,daily_calorie_supply,kcal per person per day,provision,"Our World in Data, FAO food balances"
United States,1948,3200.0,daily_calorie_supply,kcal per person per day,provision,"Our World in Data, FAO food balances"
United States,1949,3200.0,daily_calorie_supply,kcal per person per day,provision,"Our World in Data, FAO food balances"
United States,1950,3200.0,daily_calorie_supply,kcal per person per day,provision,"Our World in Data, FAO food balances"
United States,1951,3200.0,daily_calorie_supply,kcal per person per day,provision,"Our World in Data, FAO food balances"
United States,1952,3200.0,daily_calorie_supply,kcal per person per day,provision,"Our World in Data, FAO food balances"
United States,1953,3200.0,daily_calorie_supply,kcal per person per day,provision,"Our World in Data, FAO food balances"
United States,1954,3100.0,daily_calorie_supply,kcal per person per day,provision,"Our World in Data, FAO food balances"
United States,1955,3200.0,daily_calorie_supply,kcal per person per day,provision,"Our World in Data, FAO food balances"
United States,1956,3200.0,daily_calorie_supply,kcal per person per day,provision,"Our World in Data, FAO food balances"
United States,1957,3100.0,daily_calorie_supply,kcal per person per day,provision,"Our World in Data, FAO food balances"
United States,1958,3100.0,daily_calorie_supply,kcal per person per day,provision,"Our World in Data, FAO food balances"
United States,1959,3100.0,daily_calorie_supply,kcal per person per day,provision,"Our World in Data, FAO food balances"
United States,1960,3100.0,daily_calorie_supply,kcal per person per day,provision,"Our World in Data, FAO food balances"
United States,1961,2970.8235,daily_calorie_supply,kcal per person per day,provision,"Our World in Data, FAO food balances"
United States,1962,2939.9287,daily_calorie_supply,kcal per person per day,provision,"Our World in Data, FAO food balances"
United States,1963,2934.214,daily_calorie_supply,kcal per person per day,provision,"Our World in Data, FAO food balances"
United States,1964,2993.8093,daily_calorie_supply,kcal per person per day,provision,"Our World in Data, FAO food balances"
United States,1965,2982.2195,daily_calorie_supply,kcal per person per day,provision,"Our World in Data, FAO food balances"
United States,1966,3008.704,daily_calorie_supply,kcal per person per day,provision,"Our World in Data, FAO food balances"
United States,1967,3027.6643,daily_calorie_supply,kcal per person per day,provision,"Our World in Data, FAO food balances"
United States,1968,3045.894,daily_calorie_supply,kcal per person per day,provision,"Our World in Data, FAO food balances"
United States,1969,3072.6516,daily_calorie_supply,kcal per person per day,provision,"Our World in Data, FAO food balances"
United States,1970,3059.5334,daily_calorie_supply,kcal per person per day,provision,"Our World in Data, FAO food balances"
United States,1971,3071.6611,daily_calorie_supply,kcal per person per day,provision,"Our World in Data, FAO food balances"
United States,1972,3073.7454,daily_calorie_supply,kcal per person per day,provision,"Our World in Data, FAO food balances"
United States,1973,3047.6416,daily_calorie_supply,kcal per person per day,provision,"Our World in Data, FAO food balances"
United States,1974,3036.453,daily_calorie_supply,kcal per person per day,provision,"Our World in Data, FAO food balances"
United States,1975,3037.2866,daily_calorie_supply,kcal per person per day,provision,"Our World in Data, FAO food balances"
United States,1976,3167.3796,daily_calorie_supply,kcal per person per day,provision,"Our World in Data, FAO food balances"
United States,1977,3139.4736,daily_calorie_supply,kcal per person per day,provision,"Our World in Data, FAO food balances"
United States,1978,3159.7998,daily_calorie_supply,kcal per person per day,provision,"Our World in Data, FAO food balances"
United States,1979,3219.182,daily_calorie_supply,kcal per person per day,provision,"Our World in Data, FAO food balances"
United States,1980,3182.3875,daily_calorie_supply,kcal per person per day,provision,"Our World in Data, FAO food balances"
United States,1981,3221.3176,daily_calorie_supply,kcal per person per day,provision,"Our World in Data, FAO food balances"
United States,1982,3193.1743,daily_calorie_supply,kcal per person per day,provision,"Our World in Data, FAO food balances"
United States,1983,3231.2761,daily_calorie_supply,kcal per person per day,provision,"Our World in Data, FAO food balances"
United States,1984,3276.396,daily_calorie_supply,kcal per person per day,provision,"Our World in Data, FAO food balances"
United States,1985,3382.5112,daily_calorie_supply,kcal per person per day,provision,"Our World in Data, FAO food balances"
United States,1986,3357.1553,daily_calorie_supply,kcal per person per day,provision,"Our World in Data, FAO food balances"
United States,1987,3459.414,daily_calorie_supply,kcal per person per day,provision,"Our World in Data, FAO food balances"
United States,1988,3471.6118,daily_calorie_supply,kcal per person per day,provision,"Our World in Data, FAO food balances"
United States,1989,3450.2002,daily_calorie_supply,kcal per person per day,provision,"Our World in Data, FAO food balances"
United States,1990,3508.628,daily_calorie_supply,kcal per person per day,provision,"Our World in Data, FAO food balances"
United States,1991,3530.3162,daily_calorie_supply,kcal per person per day,provision,"Our World in Data, FAO food balances"
United States,1992,3559.6304,daily_calorie_supply,kcal per person per day,provision,"Our World in Data, FAO food balances"
United States,1993,3600.2888,daily_calorie_supply,kcal per person per day,provision,"Our World in Data, FAO food balances"
United States,1994,3659.4114,daily_calorie_supply,kcal per person per day,provision,"Our World in Data, FAO food balances"
United States,1995,3577.7869,daily_calorie_supply,kcal per person per day,provision,"Our World in Data, FAO food balances"
United States,1996,3591.9172,daily_calorie_supply,kcal per person per day,provision,"Our World in Data, FAO food balances"
United States,1997,3663.1804,daily_calorie_supply,kcal per person per day,provision,"Our World in Data, FAO food balances"
United States,1998,3683.6304,daily_calorie_supply,kcal per person per day,provision,"Our World in Data, FAO food balances"
United States,1999,3707.6965,daily_calorie_supply,kcal per person per day,provision,"Our World in Data, FAO food balances"
United States,2000,3796.4858,daily_calorie_supply,kcal per person per day,provision,"Our World in Data, FAO food balances"
United States,2001,3749.4238,daily_calorie_supply,kcal per person per day,provision,"Our World in Data, FAO food balances"
United States,2002,3824.9785,daily_calorie_supply,kcal per person per day,provision,"Our World in Data, FAO food balances"
United States,2003,3815.7578,daily_calorie_supply,kcal per person per day,provision,"Our World in Data, FAO food balances"
United States,2004,3844.1355,daily_calorie_supply,kcal per person per day,provision,"Our World in Data, FAO food balances"
United States,2005,3859.7063,daily_calorie_supply,kcal per person per day,provision,"Our World in Data, FAO food balances"
United States,2006,3811.022,daily_calorie_supply,kcal per person per day,provision,"Our World in Data, FAO food balances"
United States,2007,3781.1814,daily_calorie_supply,kcal per person per day,provision,"Our World in Data, FAO food balances"
United States,2008,3720.4634,daily_calorie_supply,kcal per person per day,provision,"Our World in Data, FAO food balances"
United States,2009,3662.3782,daily_calorie_supply,kcal per person per day,provision,"Our World in Data, FAO food balances"
United States,2010,3730.68,daily_calorie_supply,kcal per person per day,provision,"Our World in Data, FAO food balances"
United States,2011,3724.2402,daily_calorie_supply,kcal per person per day,provision,"Our World in Data, FAO food balances"
United States,2012,3759.04,daily_calorie_supply,kcal per person per day,provision,"Our World in Data, FAO food balances"
United States,2013,3745.33,daily_calorie_supply,kcal per person per day,provision,"Our World in Data, FAO food balances"
United States,2014,3728.99,daily_calorie_supply,kcal per person per day,provision,"Our World in Data, FAO food balances"
United States,2015,3736.74,daily_calorie_supply,kcal per person per day,provision,"Our World in Data, FAO food balances"
United States,2016,3754.2903,daily_calorie_supply,kcal per person per day,provision,"Our World in Data, FAO food balances"
United States,2017,3763.31,daily_calorie_supply,kcal per person per day,provision,"Our World in Data, FAO food balances"
United States,2018,3790.3,daily_calorie_supply,kcal per person per day,provision,"Our World in Data, FAO food balances"
United States,2019,3819.76,daily_calorie_supply,kcal per person per day,provision,"Our World in Data, FAO food balances"
United States,2020,3847.34,daily_calorie_supply,kcal per person per day,provision,"Our World in Data, FAO food balances"
United States,2021,3875.35,daily_calorie_supply,kcal per person per day,provision,"Our World in Data, FAO food balances"
United States,2022,3937.0002,daily_calorie_supply,kcal per person per day,provision,"Our World in Data, FAO food balances"
United States,2023,3947.3303,daily_calorie_supply,kcal per person per day,provision,"Our World in Data, FAO food balances"
World,1961,2183.74,daily_calorie_supply,kcal per person per day,provision,"Our World in Data, FAO food balances"
World,1962,2229.9001,daily_calorie_supply,kcal per person per day,provision,"Our World in Data, FAO food balances"
World,1963,2233.9036,daily_calorie_supply,kcal per person per day,provision,"Our World in Data, FAO food balances"
World,1964,2260.0144,daily_calorie_supply,kcal per person per day,provision,"Our World in Data, FAO food balances"
World,1965,2279.4038,daily_calorie_supply,kcal per person per day,provision,"Our World in Data, FAO food balances"
World,1966,2295.2974,daily_calorie_supply,kcal per person per day,provision,"Our World in Data, FAO food balances"
World,1967,2299.2615,daily_calorie_supply,kcal per person per day,provision,"Our World in Data, FAO food balances"
World,1968,2303.4976,daily_calorie_supply,kcal per person per day,provision,"Our World in Data, FAO food balances"
World,1969,2312.3752,daily_calorie_supply,kcal per person per day,provision,"Our World in Data, FAO food balances"
World,1970,2357.6013,daily_calorie_supply,kcal per person per day,provision,"Our World in Data, FAO food balances"
World,1971,2334.1072,daily_calorie_supply,kcal per person per day,provision,"Our World in Data, FAO food balances"
World,1972,2321.8433,daily_calorie_supply,kcal per person per day,provision,"Our World in Data, FAO food balances"
World,1973,2358.5105,daily_calorie_supply,kcal per person per day,provision,"Our World in Data, FAO food balances"
World,1974,2350.712,daily_calorie_supply,kcal per person per day,provision,"Our World in Data, FAO food balances"
World,1975,2366.0088,daily_calorie_supply,kcal per person per day,provision,"Our World in Data, FAO food balances"
World,1976,2359.5437,daily_calorie_supply,kcal per person per day,provision,"Our World in Data, FAO food balances"
World,1977,2388.1965,daily_calorie_supply,kcal per person per day,provision,"Our World in Data, FAO food balances"
World,1978,2446.153,daily_calorie_supply,kcal per person per day,provision,"Our World in Data, FAO food balances"
World,1979,2444.2083,daily_calorie_supply,kcal per person per day,provision,"Our World in Data, FAO food balances"
World,1980,2456.6252,daily_calorie_supply,kcal per person per day,provision,"Our World in Data, FAO food balances"
World,1981,2465.9656,daily_calorie_supply,kcal per person per day,provision,"Our World in Data, FAO food balances"
World,1982,2493.4866,daily_calorie_supply,kcal per person per day,provision,"Our World in Data, FAO food balances"
World,1983,2535.4656,daily_calorie_supply,kcal per person per day,provision,"Our World in Data, FAO food balances"
World,1984,2544.1062,daily_calorie_supply,kcal per person per day,provision,"Our World in Data, FAO food balances"
World,1985,2547.0808,daily_calorie_supply,kcal per person per day,provision,"Our World in Data, FAO food balances"
World,1986,2549.1733,daily_calorie_supply,kcal per person per day,provision,"Our World in Data, FAO food balances"
World,1987,2566.8206,daily_calorie_supply,kcal per person per day,provision,"Our World in Data, FAO food balances"
World,1988,2583.6492,daily_calorie_supply,kcal per person per day,provision,"Our World in Data, FAO food balances"
World,1989,2594.0737,daily_calorie_supply,kcal per person per day,provision,"Our World in Data, FAO food balances"
World,1990,2579.3457,daily_calorie_supply,kcal per person per day,provision,"Our World in Data, FAO food balances"
World,1991,2557.8862,daily_calorie_supply,kcal per person per day,provision,"Our World in Data, FAO food balances"
World,1992,2565.3564,daily_calorie_supply,kcal per person per day,provision,"Our World in Data, FAO food balances"
World,1993,2566.9763,daily_calorie_supply,kcal per person per day,provision,"Our World in Data, FAO food balances"
World,1994,2588.2222,daily_calorie_supply,kcal per person per day,provision,"Our World in Data, FAO food balances"
World,1995,2610.1233,daily_calorie_supply,kcal per person per day,provision,"Our World in Data, FAO food balances"
World,1996,2617.7515,daily_calorie_supply,kcal per person per day,provision,"Our World in Data, FAO food balances"
World,1997,2628.8784,daily_calorie_supply,kcal per person per day,provision,"Our World in Data, FAO food balances"
World,1998,2639.7783,daily_calorie_supply,kcal per person per day,provision,"Our World in Data, FAO food balances"
World,1999,2650.6294,daily_calorie_supply,kcal per person per day,provision,"Our World in Data, FAO food balances"
World,2000,2659.2173,daily_calorie_supply,kcal per person per day,provision,"Our World in Data, FAO food balances"
World,2001,2653.9727,daily_calorie_supply,kcal per person per day,provision,"Our World in Data, FAO food balances"
World,2002,2653.9026,daily_calorie_supply,kcal per person per day,provision,"Our World in Data, FAO food balances"
World,2003,2657.9585,daily_calorie_supply,kcal per person per day,provision,"Our World in Data, FAO food balances"
World,2004,2666.9324,daily_calorie_supply,kcal per person per day,provision,"Our World in Data, FAO food balances"
World,2005,2677.8682,daily_calorie_supply,kcal per person per day,provision,"Our World in Data, FAO food balances"
World,2006,2692.6128,daily_calorie_supply,kcal per person per day,provision,"Our World in Data, FAO food balances"
World,2007,2716.6968,daily_calorie_supply,kcal per person per day,provision,"Our World in Data, FAO food balances"
World,2008,2730.8528,daily_calorie_supply,kcal per person per day,provision,"Our World in Data, FAO food balances"
World,2009,2727.4556,daily_calorie_supply,kcal per person per day,provision,"Our World in Data, FAO food balances"
World,2010,2795.7551,daily_calorie_supply,kcal per person per day,provision,"Our World in Data, FAO food balances"
World,2011,2815.414,daily_calorie_supply,kcal per person per day,provision,"Our World in Data, FAO food balances"
World,2012,2834.6226,daily_calorie_supply,kcal per person per day,provision,"Our World in Data, FAO food balances"
World,2013,2840.0308,daily_calorie_supply,kcal per person per day,provision,"Our World in Data, FAO food balances"
World,2014,2870.563,daily_calorie_supply,kcal per person per day,provision,"Our World in Data, FAO food balances"
World,2015,2872.376,daily_calorie_supply,kcal per person per day,provision,"Our World in Data, FAO food balances"
World,2016,2879.356,daily_calorie_supply,kcal per person per day,provision,"Our World in Data, FAO food balances"
World,2017,2905.1902,daily_calorie_supply,kcal per person per day,provision,"Our World in Data, FAO food balances"
World,2018,2910.209,daily_calorie_supply,kcal per person per day,provision,"Our World in Data, FAO food balances"
World,2019,2931.7092,daily_calorie_supply,kcal per person per day,provision,"Our World in Data, FAO food balances"
World,2020,2942.5283,daily_calorie_supply,kcal per person per day,provision,"Our World in Data, FAO food balances"
World,2021,2964.7986,daily_calorie_supply,kcal per person per day,provision,"Our World in Data, FAO food balances"
World,2022,2987.4412,daily_calorie_supply,kcal per person per day,provision,"Our World in Data, FAO food balances"
World,2023,3005.6204,daily_calorie_supply,kcal per person per day,provision,"Our World in Data, FAO food balances"
United States,2015,10.5,food_insecurity_moderate_or_severe,percent of population,provision,"Our World in Data, FAO Food Insecurity Experience Scale (SDG 2.1.2)"
United States,2016,9.8,food_insecurity_moderate_or_severe,percent of population,provision,"Our World in Data, FAO Food Insecurity Experience Scale (SDG 2.1.2)"
United States,2017,8.9,food_insecurity_moderate_or_severe,percent of population,provision,"Our World in Data, FAO Food Insecurity Experience Scale (SDG 2.1.2)"
United States,2018,8.4,food_insecurity_moderate_or_severe,percent of population,provision,"Our World in Data, FAO Food Insecurity Experience Scale (SDG 2.1.2)"
United States,2019,8.2,food_insecurity_moderate_or_severe,percent of population,provision,"Our World in Data, FAO Food Insecurity Experience Scale (SDG 2.1.2)"
United States,2020,8.0,food_insecurity_moderate_or_severe,percent of population,provision,"Our World in Data, FAO Food Insecurity Experience Scale (SDG 2.1.2)"
United States,2021,8.6,food_insecurity_moderate_or_severe,percent of population,provision,"Our World in Data, FAO Food Insecurity Experience Scale (SDG 2.1.2)"
United States,2022,9.3,food_insecurity_moderate_or_severe,percent of population,provision,"Our World in Data, FAO Food Insecurity Experience Scale (SDG 2.1.2)"
United States,2023,10.3,food_insecurity_moderate_or_severe,percent of population,provision,"Our World in Data, FAO Food Insecurity Experience Scale (SDG 2.1.2)"
World,2015,21.7,food_insecurity_moderate_or_severe,percent of population,provision,"Our World in Data, FAO Food Insecurity Experience Scale (SDG 2.1.2)"
World,2016,22.5,food_insecurity_moderate_or_severe,percent of population,provision,"Our World in Data, FAO Food Insecurity Experience Scale (SDG 2.1.2)"
World,2017,23.5,food_insecurity_moderate_or_severe,percent of population,provision,"Our World in Data, FAO Food Insecurity Experience Scale (SDG 2.1.2)"
World,2018,24.4,food_insecurity_moderate_or_severe,percent of population,provision,"Our World in Data, FAO Food Insecurity Experience Scale (SDG 2.1.2)"
World,2019,26.1,food_insecurity_moderate_or_severe,percent of population,provision,"Our World in Data, FAO Food Insecurity Experience Scale (SDG 2.1.2)"
World,2020,27.5,food_insecurity_moderate_or_severe,percent of population,provision,"Our World in Data, FAO Food Insecurity Experience Scale (SDG 2.1.2)"
World,2021,28.7,food_insecurity_moderate_or_severe,percent of population,provision,"Our World in Data, FAO Food Insecurity Experience Scale (SDG 2.1.2)"
World,2022,28.6,food_insecurity_moderate_or_severe,percent of population,provision,"Our World in Data, FAO Food Insecurity Experience Scale (SDG 2.1.2)"
World,2023,28.3,food_insecurity_moderate_or_severe,percent of population,provision,"Our World in Data, FAO Food Insecurity Experience Scale (SDG 2.1.2)"
United States,1949,5.27202,military_expenditure_share_gdp,percent of GDP,priority,"Our World in Data, SIPRI"
United States,1950,5.0819635,military_expenditure_share_gdp,percent of GDP,priority,"Our World in Data, SIPRI"
United States,1951,10.167022,military_expenditure_share_gdp,percent of GDP,priority,"Our World in Data, SIPRI"
United States,1952,13.860081,military_expenditure_share_gdp,percent of GDP,priority,"Our World in Data, SIPRI"
United States,1953,13.580273,military_expenditure_share_gdp,percent of GDP,priority,"Our World in Data, SIPRI"
United States,1954,11.736595,military_expenditure_share_gdp,percent of GDP,priority,"Our World in Data, SIPRI"
United States,1955,10.156245,military_expenditure_share_gdp,percent of GDP,priority,"Our World in Data, SIPRI"
United States,1956,9.901011,military_expenditure_share_gdp,percent of GDP,priority,"Our World in Data, SIPRI"
United States,1957,9.992439,military_expenditure_share_gdp,percent of GDP,priority,"Our World in Data, SIPRI"
United States,1958,10.071764,military_expenditure_share_gdp,percent of GDP,priority,"Our World in Data, SIPRI"
United States,1959,9.438773,military_expenditure_share_gdp,percent of GDP,priority,"Our World in Data, SIPRI"
United States,1960,8.993124,military_expenditure_share_gdp,percent of GDP,priority,"Our World in Data, SIPRI"
United States,1961,9.156032,military_expenditure_share_gdp,percent of GDP,priority,"Our World in Data, SIPRI"
United States,1962,9.331673,military_expenditure_share_gdp,percent of GDP,priority,"Our World in Data, SIPRI"
United States,1963,8.831891,military_expenditure_share_gdp,percent of GDP,priority,"Our World in Data, SIPRI"
United States,1964,8.051281,military_expenditure_share_gdp,percent of GDP,priority,"Our World in Data, SIPRI"
United States,1965,7.5872474,military_expenditure_share_gdp,percent of GDP,priority,"Our World in Data, SIPRI"
United States,1966,8.4353,military_expenditure_share_gdp,percent of GDP,priority,"Our World in Data, SIPRI"
United States,1967,9.417796,military_expenditure_share_gdp,percent of GDP,priority,"Our World in Data, SIPRI"
United States,1968,9.268455,military_expenditure_share_gdp,percent of GDP,priority,"Our World in Data, SIPRI"
United States,1969,8.633265,military_expenditure_share_gdp,percent of GDP,priority,"Our World in Data, SIPRI"
United States,1970,8.032743,military_expenditure_share_gdp,percent of GDP,priority,"Our World in Data, SIPRI"
United States,1971,6.9430695,military_expenditure_share_gdp,percent of GDP,priority,"Our World in Data, SIPRI"
United States,1972,6.5197573,military_expenditure_share_gdp,percent of GDP,priority,"Our World in Data, SIPRI"
United States,1973,5.8938704,military_expenditure_share_gdp,percent of GDP,priority,"Our World in Data, SIPRI"
United States,1974,5.9541116,military_expenditure_share_gdp,percent of GDP,priority,"Our World in Data, SIPRI"
United States,1975,5.6226788,military_expenditure_share_gdp,percent of GDP,priority,"Our World in Data, SIPRI"
United States,1976,5.1910715,military_expenditure_share_gdp,percent of GDP,priority,"Our World in Data, SIPRI"
United States,1977,5.155617,military_expenditure_share_gdp,percent of GDP,priority,"Our World in Data, SIPRI"
United States,1978,4.943087,military_expenditure_share_gdp,percent of GDP,priority,"Our World in Data, SIPRI"
United States,1979,4.9519916,military_expenditure_share_gdp,percent of GDP,priority,"Our World in Data, SIPRI"
United States,1980,5.1535378,military_expenditure_share_gdp,percent of GDP,priority,"Our World in Data, SIPRI"
United States,1981,5.646541,military_expenditure_share_gdp,percent of GDP,priority,"Our World in Data, SIPRI"
United States,1982,6.8140574,military_expenditure_share_gdp,percent of GDP,priority,"Our World in Data, SIPRI"
United States,1983,6.321144,military_expenditure_share_gdp,percent of GDP,priority,"Our World in Data, SIPRI"
United States,1984,6.2364163,military_expenditure_share_gdp,percent of GDP,priority,"Our World in Data, SIPRI"
United States,1985,6.453219,military_expenditure_share_gdp,percent of GDP,priority,"Our World in Data, SIPRI"
United States,1986,6.6265225,military_expenditure_share_gdp,percent of GDP,priority,"Our World in Data, SIPRI"
United States,1987,6.4202743,military_expenditure_share_gdp,percent of GDP,priority,"Our World in Data, SIPRI"
United States,1988,6.0712776,military_expenditure_share_gdp,percent of GDP,priority,"Our World in Data, SIPRI"
United States,1989,5.8712063,military_expenditure_share_gdp,percent of GDP,priority,"Our World in Data, SIPRI"
United States,1990,5.6051755,military_expenditure_share_gdp,percent of GDP,priority,"Our World in Data, SIPRI"
United States,1991,4.8834295,military_expenditure_share_gdp,percent of GDP,priority,"Our World in Data, SIPRI"
United States,1992,4.9704666,military_expenditure_share_gdp,percent of GDP,priority,"Our World in Data, SIPRI"
United States,1993,4.6043506,military_expenditure_share_gdp,percent of GDP,priority,"Our World in Data, SIPRI"
United States,1994,4.215265,military_expenditure_share_gdp,percent of GDP,priority,"Our World in Data, SIPRI"
United States,1995,3.8602457,military_expenditure_share_gdp,percent of GDP,priority,"Our World in Data, SIPRI"
United States,1996,3.5549824,military_expenditure_share_gdp,percent of GDP,priority,"Our World in Data, SIPRI"
United States,1997,3.4055624,military_expenditure_share_gdp,percent of GDP,priority,"Our World in Data, SIPRI"
United States,1998,3.2015584,military_expenditure_share_gdp,percent of GDP,priority,"Our World in Data, SIPRI"
United States,1999,3.0856767,military_expenditure_share_gdp,percent of GDP,priority,"Our World in Data, SIPRI"
United States,2000,3.1122422,military_expenditure_share_gdp,percent of GDP,priority,"Our World in Data, SIPRI"
United States,2001,3.1238098,military_expenditure_share_gdp,percent of GDP,priority,"Our World in Data, SIPRI"
United States,2002,3.447618,military_expenditure_share_gdp,percent of GDP,priority,"Our World in Data, SIPRI"
United States,2003,3.827161,military_expenditure_share_gdp,percent of GDP,priority,"Our World in Data, SIPRI"
United States,2004,4.0163126,military_expenditure_share_gdp,percent of GDP,priority,"Our World in Data, SIPRI"
United States,2005,4.089232,military_expenditure_share_gdp,percent of GDP,priority,"Our World in Data, SIPRI"
United States,2006,4.0413423,military_expenditure_share_gdp,percent of GDP,priority,"Our World in Data, SIPRI"
United States,2007,4.0733504,military_expenditure_share_gdp,percent of GDP,priority,"Our World in Data, SIPRI"
United States,2008,4.4465957,military_expenditure_share_gdp,percent of GDP,priority,"Our World in Data, SIPRI"
United States,2009,4.875768,military_expenditure_share_gdp,percent of GDP,priority,"Our World in Data, SIPRI"
United States,2010,4.904023,military_expenditure_share_gdp,percent of GDP,priority,"Our World in Data, SIPRI"
United States,2011,4.822442,military_expenditure_share_gdp,percent of GDP,priority,"Our World in Data, SIPRI"
United States,2012,4.46171,military_expenditure_share_gdp,percent of GDP,priority,"Our World in Data, SIPRI"
United States,2013,4.0237055,military_expenditure_share_gdp,percent of GDP,priority,"Our World in Data, SIPRI"
United States,2014,3.6789184,military_expenditure_share_gdp,percent of GDP,priority,"Our World in Data, SIPRI"
United States,2015,3.4644928,military_expenditure_share_gdp,percent of GDP,priority,"Our World in Data, SIPRI"
United States,2016,3.4026022,military_expenditure_share_gdp,percent of GDP,priority,"Our World in Data, SIPRI"
United States,2017,3.2977235,military_expenditure_share_gdp,percent of GDP,priority,"Our World in Data, SIPRI"
United States,2018,3.3040006,military_expenditure_share_gdp,percent of GDP,priority,"Our World in Data, SIPRI"
United States,2019,3.409214,military_expenditure_share_gdp,percent of GDP,priority,"Our World in Data, SIPRI"
United States,2020,3.6415763,military_expenditure_share_gdp,percent of GDP,priority,"Our World in Data, SIPRI"
United States,2021,3.3981383,military_expenditure_share_gdp,percent of GDP,priority,"Our World in Data, SIPRI"
United States,2022,3.3034158,military_expenditure_share_gdp,percent of GDP,priority,"Our World in Data, SIPRI"
United States,2023,3.2936525,military_expenditure_share_gdp,percent of GDP,priority,"Our World in Data, SIPRI"
United States,2024,3.4299288,military_expenditure_share_gdp,percent of GDP,priority,"Our World in Data, SIPRI"
United States,2025,3.1173081,military_expenditure_share_gdp,percent of GDP,priority,"Our World in Data, SIPRI"
United States,1961,447509000.0,agricultural_land,hectares,ecological_state,"Our World in Data, FAO"
United States,1962,443991000.0,agricultural_land,hectares,ecological_state,"Our World in Data, FAO"
United States,1963,441443000.0,agricultural_land,hectares,ecological_state,"Our World in Data, FAO"
United States,1964,439012000.0,agricultural_land,hectares,ecological_state,"Our World in Data, FAO"
United States,1965,435873000.0,agricultural_land,hectares,ecological_state,"Our World in Data, FAO"
United States,1966,435550000.0,agricultural_land,hectares,ecological_state,"Our World in Data, FAO"
United States,1967,435307000.0,agricultural_land,hectares,ecological_state,"Our World in Data, FAO"
United States,1968,435795000.0,agricultural_land,hectares,ecological_state,"Our World in Data, FAO"
United States,1969,435447000.0,agricultural_land,hectares,ecological_state,"Our World in Data, FAO"
United States,1970,439333200.0,agricultural_land,hectares,ecological_state,"Our World in Data, FAO"
United States,1971,437009920.0,agricultural_land,hectares,ecological_state,"Our World in Data, FAO"
United States,1972,434686600.0,agricultural_land,hectares,ecological_state,"Our World in Data, FAO"
United States,1973,432463330.0,agricultural_land,hectares,ecological_state,"Our World in Data, FAO"
United States,1974,430158000.0,agricultural_land,hectares,ecological_state,"Our World in Data, FAO"
United States,1975,430158000.0,agricultural_land,hectares,ecological_state,"Our World in Data, FAO"
United States,1976,430158000.0,agricultural_land,hectares,ecological_state,"Our World in Data, FAO"
United States,1977,430331000.0,agricultural_land,hectares,ecological_state,"Our World in Data, FAO"
United States,1978,428163000.0,agricultural_land,hectares,ecological_state,"Our World in Data, FAO"
United States,1979,428163000.0,agricultural_land,hectares,ecological_state,"Our World in Data, FAO"
United States,1980,428163000.0,agricultural_land,hectares,ecological_state,"Our World in Data, FAO"
United States,1981,428163000.0,agricultural_land,hectares,ecological_state,"Our World in Data, FAO"
United States,1982,431399000.0,agricultural_land,hectares,ecological_state,"Our World in Data, FAO"
United States,1983,431399000.0,agricultural_land,hectares,ecological_state,"Our World in Data, FAO"
United States,1984,431399000.0,agricultural_land,hectares,ecological_state,"Our World in Data, FAO"
United States,1985,431399000.0,agricultural_land,hectares,ecological_state,"Our World in Data, FAO"
United States,1986,431399000.0,agricultural_land,hectares,ecological_state,"Our World in Data, FAO"
United States,1987,426948000.0,agricultural_land,hectares,ecological_state,"Our World in Data, FAO"
United States,1988,426948000.0,agricultural_land,hectares,ecological_state,"Our World in Data, FAO"
United States,1989,426948000.0,agricultural_land,hectares,ecological_state,"Our World in Data, FAO"
United States,1990,426948000.0,agricultural_land,hectares,ecological_state,"Our World in Data, FAO"
United States,1991,426948000.0,agricultural_land,hectares,ecological_state,"Our World in Data, FAO"
United States,1992,425429000.0,agricultural_land,hectares,ecological_state,"Our World in Data, FAO"
United States,1993,422948000.0,agricultural_land,hectares,ecological_state,"Our World in Data, FAO"
United States,1994,421139000.0,agricultural_land,hectares,ecological_state,"Our World in Data, FAO"
United States,1995,420139000.0,agricultural_land,hectares,ecological_state,"Our World in Data, FAO"
United States,1996,416306000.0,agricultural_land,hectares,ecological_state,"Our World in Data, FAO"
United States,1997,414885000.0,agricultural_land,hectares,ecological_state,"Our World in Data, FAO"
United States,1998,414588000.0,agricultural_land,hectares,ecological_state,"Our World in Data, FAO"
United States,1999,413887000.0,agricultural_land,hectares,ecological_state,"Our World in Data, FAO"
United States,2000,414399000.0,agricultural_land,hectares,ecological_state,"Our World in Data, FAO"
United States,2001,414944000.0,agricultural_land,hectares,ecological_state,"Our World in Data, FAO"
United States,2002,413064000.0,agricultural_land,hectares,ecological_state,"Our World in Data, FAO"
United States,2003,413022720.0,agricultural_land,hectares,ecological_state,"Our World in Data, FAO"
United States,2004,412981440.0,agricultural_land,hectares,ecological_state,"Our World in Data, FAO"
United States,2005,412940160.0,agricultural_land,hectares,ecological_state,"Our World in Data, FAO"
United States,2006,412898880.0,agricultural_land,hectares,ecological_state,"Our World in Data, FAO"
United States,2007,412857600.0,agricultural_land,hectares,ecological_state,"Our World in Data, FAO"
United States,2008,414880800.0,agricultural_land,hectares,ecological_state,"Our World in Data, FAO"
United States,2009,416904060.0,agricultural_land,hectares,ecological_state,"Our World in Data, FAO"
United States,2010,418927300.0,agricultural_land,hectares,ecological_state,"Our World in Data, FAO"
United States,2011,420950500.0,agricultural_land,hectares,ecological_state,"Our World in Data, FAO"
United States,2012,422973730.0,agricultural_land,hectares,ecological_state,"Our World in Data, FAO"
United States,2013,423827600.0,agricultural_land,hectares,ecological_state,"Our World in Data, FAO"
United States,2014,424681440.0,agricultural_land,hectares,ecological_state,"Our World in Data, FAO"
United States,2015,425535330.0,agricultural_land,hectares,ecological_state,"Our World in Data, FAO"
United States,2016,426389200.0,agricultural_land,hectares,ecological_state,"Our World in Data, FAO"
United States,2017,427243040.0,agricultural_land,hectares,ecological_state,"Our World in Data, FAO"
United States,2018,426102500.0,agricultural_land,hectares,ecological_state,"Our World in Data, FAO"
United States,2019,424962000.0,agricultural_land,hectares,ecological_state,"Our World in Data, FAO"
United States,2020,423821440.0,agricultural_land,hectares,ecological_state,"Our World in Data, FAO"
United States,2021,422680900.0,agricultural_land,hectares,ecological_state,"Our World in Data, FAO"
United States,2022,421540380.0,agricultural_land,hectares,ecological_state,"Our World in Data, FAO"
United States,2023,421540380.0,agricultural_land,hectares,ecological_state,"Our World in Data, FAO"
World,1961,4428036600.0,agricultural_land,hectares,ecological_state,"Our World in Data, FAO"
World,1962,4437378000.0,agricultural_land,hectares,ecological_state,"Our World in Data, FAO"
World,1963,4445857000.0,agricultural_land,hectares,ecological_state,"Our World in Data, FAO"
World,1964,4454132700.0,agricultural_land,hectares,ecological_state,"Our World in Data, FAO"
World,1965,4467494400.0,agricultural_land,hectares,ecological_state,"Our World in Data, FAO"
World,1966,4475367400.0,agricultural_land,hectares,ecological_state,"Our World in Data, FAO"
World,1967,4487187000.0,agricultural_land,hectares,ecological_state,"Our World in Data, FAO"
World,1968,4521748500.0,agricultural_land,hectares,ecological_state,"Our World in Data, FAO"
World,1969,4528798000.0,agricultural_land,hectares,ecological_state,"Our World in Data, FAO"
World,1970,4523451000.0,agricultural_land,hectares,ecological_state,"Our World in Data, FAO"
World,1971,4538433500.0,agricultural_land,hectares,ecological_state,"Our World in Data, FAO"
World,1972,4553564000.0,agricultural_land,hectares,ecological_state,"Our World in Data, FAO"
World,1973,4565365000.0,agricultural_land,hectares,ecological_state,"Our World in Data, FAO"
World,1974,4578923000.0,agricultural_land,hectares,ecological_state,"Our World in Data, FAO"
World,1975,4587204000.0,agricultural_land,hectares,ecological_state,"Our World in Data, FAO"
World,1976,4589335600.0,agricultural_land,hectares,ecological_state,"Our World in Data, FAO"
World,1977,4596107300.0,agricultural_land,hectares,ecological_state,"Our World in Data, FAO"
World,1978,4613562000.0,agricultural_land,hectares,ecological_state,"Our World in Data, FAO"
World,1979,4622013400.0,agricultural_land,hectares,ecological_state,"Our World in Data, FAO"
World,1980,4636228000.0,agricultural_land,hectares,ecological_state,"Our World in Data, FAO"
World,1981,4642428400.0,agricultural_land,hectares,ecological_state,"Our World in Data, FAO"
World,1982,4658658300.0,agricultural_land,hectares,ecological_state,"Our World in Data, FAO"
World,1983,4667212300.0,agricultural_land,hectares,ecological_state,"Our World in Data, FAO"
World,1984,4694688000.0,agricultural_land,hectares,ecological_state,"Our World in Data, FAO"
World,1985,4723791000.0,agricultural_land,hectares,ecological_state,"Our World in Data, FAO"
World,1986,4723516400.0,agricultural_land,hectares,ecological_state,"Our World in Data, FAO"
World,1987,4739038000.0,agricultural_land,hectares,ecological_state,"Our World in Data, FAO"
World,1988,4756720000.0,agricultural_land,hectares,ecological_state,"Our World in Data, FAO"
World,1989,4768227300.0,agricultural_land,hectares,ecological_state,"Our World in Data, FAO"
World,1990,4777978000.0,agricultural_land,hectares,ecological_state,"Our World in Data, FAO"
World,1991,4781469700.0,agricultural_land,hectares,ecological_state,"Our World in Data, FAO"
World,1992,4820557000.0,agricultural_land,hectares,ecological_state,"Our World in Data, FAO"
World,1993,4804597000.0,agricultural_land,hectares,ecological_state,"Our World in Data, FAO"
World,1994,4826862000.0,agricultural_land,hectares,ecological_state,"Our World in Data, FAO"
World,1995,4826370600.0,agricultural_land,hectares,ecological_state,"Our World in Data, FAO"
World,1996,4834237400.0,agricultural_land,hectares,ecological_state,"Our World in Data, FAO"
World,1997,4853605000.0,agricultural_land,hectares,ecological_state,"Our World in Data, FAO"
World,1998,4867036700.0,agricultural_land,hectares,ecological_state,"Our World in Data, FAO"
World,1999,4868829700.0,agricultural_land,hectares,ecological_state,"Our World in Data, FAO"
World,2000,4873348000.0,agricultural_land,hectares,ecological_state,"Our World in Data, FAO"
World,2001,4874032600.0,agricultural_land,hectares,ecological_state,"Our World in Data, FAO"
World,2002,4865638000.0,agricultural_land,hectares,ecological_state,"Our World in Data, FAO"
World,2003,4846778000.0,agricultural_land,hectares,ecological_state,"Our World in Data, FAO"
World,2004,4805045000.0,agricultural_land,hectares,ecological_state,"Our World in Data, FAO"
World,2005,4812571600.0,agricultural_land,hectares,ecological_state,"Our World in Data, FAO"
World,2006,4812215300.0,agricultural_land,hectares,ecological_state,"Our World in Data, FAO"
World,2007,4804269600.0,agricultural_land,hectares,ecological_state,"Our World in Data, FAO"
World,2008,4792763000.0,agricultural_land,hectares,ecological_state,"Our World in Data, FAO"
World,2009,4791081500.0,agricultural_land,hectares,ecological_state,"Our World in Data, FAO"
World,2010,4793920000.0,agricultural_land,hectares,ecological_state,"Our World in Data, FAO"
World,2011,4817180700.0,agricultural_land,hectares,ecological_state,"Our World in Data, FAO"
World,2012,4817352700.0,agricultural_land,hectares,ecological_state,"Our World in Data, FAO"
World,2013,4808527400.0,agricultural_land,hectares,ecological_state,"Our World in Data, FAO"
World,2014,4809697300.0,agricultural_land,hectares,ecological_state,"Our World in Data, FAO"
World,2015,4790039600.0,agricultural_land,hectares,ecological_state,"Our World in Data, FAO"
World,2016,4785696000.0,agricultural_land,hectares,ecological_state,"Our World in Data, FAO"
World,2017,4815944700.0,agricultural_land,hectares,ecological_state,"Our World in Data, FAO"
World,2018,4804410400.0,agricultural_land,hectares,ecological_state,"Our World in Data, FAO"
World,2019,4807253000.0,agricultural_land,hectares,ecological_state,"Our World in Data, FAO"
World,2020,4804946000.0,agricultural_land,hectares,ecological_state,"Our World in Data, FAO"
World,2021,4813414000.0,agricultural_land,hectares,ecological_state,"Our World in Data, FAO"
World,2022,4809931300.0,agricultural_land,hectares,ecological_state,"Our World in Data, FAO"
World,2023,4799308300.0,agricultural_land,hectares,ecological_state,"Our World in Data, FAO"
United States,1800,0.042136,co2_emissions_per_capita,tonnes per person per year,ecological_state,"Our World in Data, Global Carbon Project"
United States,1801,0.043749023,co2_emissions_per_capita,tonnes per person per year,ecological_state,"Our World in Data, Global Carbon Project"
United States,1802,0.046463702,co2_emissions_per_capita,tonnes per person per year,ecological_state,"Our World in Data, Global Carbon Project"
United States,1803,0.04675338,co2_emissions_per_capita,tonnes per person per year,ecological_state,"Our World in Data, Global Carbon Project"
United States,1804,0.051547863,co2_emissions_per_capita,tonnes per person per year,ecological_state,"Our World in Data, Global Carbon Project"
United States,1805,0.05170035,co2_emissions_per_capita,tonnes per person per year,ecological_state,"Our World in Data, Global Carbon Project"
United States,1806,0.049647022,co2_emissions_per_capita,tonnes per person per year,ecological_state,"Our World in Data, Global Carbon Project"
United States,1807,0.055148073,co2_emissions_per_capita,tonnes per person per year,ecological_state,"Our World in Data, Global Carbon Project"
United States,1808,0.056223534,co2_emissions_per_capita,tonnes per person per year,ecological_state,"Our World in Data, Global Carbon Project"
United States,1809,0.05672419,co2_emissions_per_capita,tonnes per person per year,ecological_state,"Our World in Data, Global Carbon Project"
United States,1810,0.057195846,co2_emissions_per_capita,tonnes per person per year,ecological_state,"Our World in Data, Global Carbon Project"
United States,1811,0.05957973,co2_emissions_per_capita,tonnes per person per year,ecological_state,"Our World in Data, Global Carbon Project"
United States,1812,0.0625836,co2_emissions_per_capita,tonnes per person per year,ecological_state,"Our World in Data, Global Carbon Project"
United States,1813,0.06519789,co2_emissions_per_capita,tonnes per person per year,ecological_state,"Our World in Data, Global Carbon Project"
United States,1814,0.06802918,co2_emissions_per_capita,tonnes per person per year,ecological_state,"Our World in Data, Global Carbon Project"
United States,1815,0.070616506,co2_emissions_per_capita,tonnes per person per year,ecological_state,"Our World in Data, Global Carbon Project"
United States,1816,0.07547438,co2_emissions_per_capita,tonnes per person per year,ecological_state,"Our World in Data, Global Carbon Project"
United States,1817,0.079147205,co2_emissions_per_capita,tonnes per person per year,ecological_state,"Our World in Data, Global Carbon Project"
United States,1818,0.08329477,co2_emissions_per_capita,tonnes per person per year,ecological_state,"Our World in Data, Global Carbon Project"
United States,1819,0.0788342,co2_emissions_per_capita,tonnes per person per year,ecological_state,"Our World in Data, Global Carbon Project"
United States,1820,0.07940742,co2_emissions_per_capita,tonnes per person per year,ecological_state,"Our World in Data, Global Carbon Project"
United States,1821,0.08064995,co2_emissions_per_capita,tonnes per person per year,ecological_state,"Our World in Data, Global Carbon Project"
United States,1822,0.08181233,co2_emissions_per_capita,tonnes per person per year,ecological_state,"Our World in Data, Global Carbon Project"
United States,1823,0.08290245,co2_emissions_per_capita,tonnes per person per year,ecological_state,"Our World in Data, Global Carbon Project"
United States,1824,0.09074809,co2_emissions_per_capita,tonnes per person per year,ecological_state,"Our World in Data, Global Carbon Project"
United States,1825,0.09872902,co2_emissions_per_capita,tonnes per person per year,ecological_state,"Our World in Data, Global Carbon Project"
United States,1826,0.111148365,co2_emissions_per_capita,tonnes per person per year,ecological_state,"Our World in Data, Global Carbon Project"
United States,1827,0.11888613,co2_emissions_per_capita,tonnes per person per year,ecological_state,"Our World in Data, Global Carbon Project"
United States,1828,0.12727666,co2_emissions_per_capita,tonnes per person per year,ecological_state,"Our World in Data, Global Carbon Project"
United States,1829,0.13939415,co2_emissions_per_capita,tonnes per person per year,ecological_state,"Our World in Data, Global Carbon Project"
United States,1830,0.15767905,co2_emissions_per_capita,tonnes per person per year,ecological_state,"Our World in Data, Global Carbon Project"
United States,1831,0.16626401,co2_emissions_per_capita,tonnes per person per year,ecological_state,"Our World in Data, Global Carbon Project"
United States,1832,0.21589011,co2_emissions_per_capita,tonnes per person per year,ecological_state,"Our World in Data, Global Carbon Project"
United States,1833,0.2451494,co2_emissions_per_capita,tonnes per person per year,ecological_state,"Our World in Data, Global Carbon Project"
United States,1834,0.22857675,co2_emissions_per_capita,tonnes per person per year,ecological_state,"Our World in Data, Global Carbon Project"
United States,1835,0.28379282,co2_emissions_per_capita,tonnes per person per year,ecological_state,"Our World in Data, Global Carbon Project"
United States,1836,0.30255765,co2_emissions_per_capita,tonnes per person per year,ecological_state,"Our World in Data, Global Carbon Project"
United States,1837,0.33012334,co2_emissions_per_capita,tonnes per person per year,ecological_state,"Our World in Data, Global Carbon Project"
United States,1838,0.3045117,co2_emissions_per_capita,tonnes per person per year,ecological_state,"Our World in Data, Global Carbon Project"
United States,1839,0.3247494,co2_emissions_per_capita,tonnes per person per year,ecological_state,"Our World in Data, Global Carbon Project"
United States,1840,0.3359056,co2_emissions_per_capita,tonnes per person per year,ecological_state,"Our World in Data, Global Carbon Project"
United States,1841,0.34518078,co2_emissions_per_capita,tonnes per person per year,ecological_state,"Our World in Data, Global Carbon Project"
United States,1842,0.37302932,co2_emissions_per_capita,tonnes per person per year,ecological_state,"Our World in Data, Global Carbon Project"
United States,1843,0.40623948,co2_emissions_per_capita,tonnes per person per year,ecological_state,"Our World in Data, Global Carbon Project"
United States,1844,0.47249264,co2_emissions_per_capita,tonnes per person per year,ecological_state,"Our World in Data, Global Carbon Project"
United States,1845,0.5519618,co2_emissions_per_capita,tonnes per person per year,ecological_state,"Our World in Data, Global Carbon Project"
United States,1846,0.6075555,co2_emissions_per_capita,tonnes per person per year,ecological_state,"Our World in Data, Global Carbon Project"
United States,1847,0.6989572,co2_emissions_per_capita,tonnes per person per year,ecological_state,"Our World in Data, Global Carbon Project"
United States,1848,0.7553745,co2_emissions_per_capita,tonnes per person per year,ecological_state,"Our World in Data, Global Carbon Project"
United States,1849,0.79568434,co2_emissions_per_capita,tonnes per person per year,ecological_state,"Our World in Data, Global Carbon Project"
United States,1850,0.83870095,co2_emissions_per_capita,tonnes per person per year,ecological_state,"Our World in Data, Global Carbon Project"
United States,1851,1.0133029,co2_emissions_per_capita,tonnes per person per year,ecological_state,"Our World in Data, Global Carbon Project"
United States,1852,1.0699053,co2_emissions_per_capita,tonnes per person per year,ecological_state,"Our World in Data, Global Carbon Project"
United States,1853,1.1693825,co2_emissions_per_capita,tonnes per person per year,ecological_state,"Our World in Data, Global Carbon Project"
United States,1854,1.2480785,co2_emissions_per_capita,tonnes per person per year,ecological_state,"Our World in Data, Global Carbon Project"
United States,1855,1.394424,co2_emissions_per_capita,tonnes per person per year,ecological_state,"Our World in Data, Global Carbon Project"
United States,1856,1.4202958,co2_emissions_per_capita,tonnes per person per year,ecological_state,"Our World in Data, Global Carbon Project"
United States,1857,1.4139436,co2_emissions_per_capita,tonnes per person per year,ecological_state,"Our World in Data, Global Carbon Project"
United States,1858,1.3925428,co2_emissions_per_capita,tonnes per person per year,ecological_state,"Our World in Data, Global Carbon Project"
United States,1859,1.4731518,co2_emissions_per_capita,tonnes per person per year,ecological_state,"Our World in Data, Global Carbon Project"
United States,1860,1.5011375,co2_emissions_per_capita,tonnes per person per year,ecological_state,"Our World in Data, Global Carbon Project"
United States,1861,1.4090402,co2_emissions_per_capita,tonnes per person per year,ecological_state,"Our World in Data, Global Carbon Project"
United States,1862,1.4285618,co2_emissions_per_capita,tonnes per person per year,ecological_state,"Our World in Data, Global Carbon Project"
United States,1863,1.6126716,co2_emissions_per_capita,tonnes per person per year,ecological_state,"Our World in Data, Global Carbon Project"
United States,1864,1.6866376,co2_emissions_per_capita,tonnes per person per year,ecological_state,"Our World in Data, Global Carbon Project"
United States,1865,1.6529324,co2_emissions_per_capita,tonnes per person per year,ecological_state,"Our World in Data, Global Carbon Project"
United States,1866,1.6266301,co2_emissions_per_capita,tonnes per person per year,ecological_state,"Our World in Data, Global Carbon Project"
United States,1867,1.9555545,co2_emissions_per_capita,tonnes per person per year,ecological_state,"Our World in Data, Global Carbon Project"
United States,1868,2.1599026,co2_emissions_per_capita,tonnes per person per year,ecological_state,"Our World in Data, Global Carbon Project"
United States,1869,2.401964,co2_emissions_per_capita,tonnes per person per year,ecological_state,"Our World in Data, Global Carbon Project"
United States,1870,2.4715502,co2_emissions_per_capita,tonnes per person per year,ecological_state,"Our World in Data, Global Carbon Project"
United States,1871,2.524375,co2_emissions_per_capita,tonnes per person per year,ecological_state,"Our World in Data, Global Carbon Project"
United States,1872,3.0265274,co2_emissions_per_capita,tonnes per person per year,ecological_state,"Our World in Data, Global Carbon Project"
United States,1873,3.2694678,co2_emissions_per_capita,tonnes per person per year,ecological_state,"Our World in Data, Global Carbon Project"
United States,1874,3.0782638,co2_emissions_per_capita,tonnes per person per year,ecological_state,"Our World in Data, Global Carbon Project"
United States,1875,3.0432105,co2_emissions_per_capita,tonnes per person per year,ecological_state,"Our World in Data, Global Carbon Project"
United States,1876,2.912211,co2_emissions_per_capita,tonnes per person per year,ecological_state,"Our World in Data, Global Carbon Project"
United States,1877,3.1561265,co2_emissions_per_capita,tonnes per person per year,ecological_state,"Our World in Data, Global Carbon Project"
United States,1878,3.0182126,co2_emissions_per_capita,tonnes per person per year,ecological_state,"Our World in Data, Global Carbon Project"
United States,1879,3.5994267,co2_emissions_per_capita,tonnes per person per year,ecological_state,"Our World in Data, Global Carbon Project"
United States,1880,3.9895415,co2_emissions_per_capita,tonnes per person per year,ecological_state,"Our World in Data, Global Carbon Project"
United States,1881,4.1283484,co2_emissions_per_capita,tonnes per person per year,ecological_state,"Our World in Data, Global Carbon Project"
United States,1882,4.5223513,co2_emissions_per_capita,tonnes per person per year,ecological_state,"Our World in Data, Global Carbon Project"
United States,1883,4.7712994,co2_emissions_per_capita,tonnes per person per year,ecological_state,"Our World in Data, Global Carbon Project"
United States,1884,4.9176164,co2_emissions_per_capita,tonnes per person per year,ecological_state,"Our World in Data, Global Carbon Project"
United States,1885,4.8917246,co2_emissions_per_capita,tonnes per person per year,ecological_state,"Our World in Data, Global Carbon Project"
United States,1886,5.053227,co2_emissions_per_capita,tonnes per person per year,ecological_state,"Our World in Data, Global Carbon Project"
United States,1887,5.2871504,co2_emissions_per_capita,tonnes per person per year,ecological_state,"Our World in Data, Global Carbon Project"
United States,1888,6.287121,co2_emissions_per_capita,tonnes per person per year,ecological_state,"Our World in Data, Global Carbon Project"
United States,1889,5.5244336,co2_emissions_per_capita,tonnes per person per year,ecological_state,"Our World in Data, Global Carbon Project"
United States,1890,6.478781,co2_emissions_per_capita,tonnes per person per year,ecological_state,"Our World in Data, Global Carbon Project"
United States,1891,6.756879,co2_emissions_per_capita,tonnes per person per year,ecological_state,"Our World in Data, Global Carbon Project"
United States,1892,6.9861884,co2_emissions_per_capita,tonnes per person per year,ecological_state,"Our World in Data, Global Carbon Project"
United States,1893,6.9135346,co2_emissions_per_capita,tonnes per person per year,ecological_state,"Our World in Data, Global Carbon Project"
United States,1894,6.3546634,co2_emissions_per_capita,tonnes per person per year,ecological_state,"Our World in Data, Global Carbon Project"
United States,1895,7.0439777,co2_emissions_per_capita,tonnes per person per year,ecological_state,"Our World in Data, Global Carbon Project"
United States,1896,6.9301863,co2_emissions_per_capita,tonnes per person per year,ecological_state,"Our World in Data, Global Carbon Project"
United States,1897,7.0799294,co2_emissions_per_capita,tonnes per person per year,ecological_state,"Our World in Data, Global Carbon Project"
United States,1898,7.5769787,co2_emissions_per_capita,tonnes per person per year,ecological_state,"Our World in Data, Global Carbon Project"
United States,1899,8.534078,co2_emissions_per_capita,tonnes per person per year,ecological_state,"Our World in Data, Global Carbon Project"
United States,1900,8.8752165,co2_emissions_per_capita,tonnes per person per year,ecological_state,"Our World in Data, Global Carbon Project"
United States,1901,9.484995,co2_emissions_per_capita,tonnes per person per year,ecological_state,"Our World in Data, Global Carbon Project"
United States,1902,9.867036,co2_emissions_per_capita,tonnes per person per year,ecological_state,"Our World in Data, Global Carbon Project"
United States,1903,11.326901,co2_emissions_per_capita,tonnes per person per year,ecological_state,"Our World in Data, Global Carbon Project"
United States,1904,10.963299,co2_emissions_per_capita,tonnes per person per year,ecological_state,"Our World in Data, Global Carbon Project"
United States,1905,12.035906,co2_emissions_per_capita,tonnes per person per year,ecological_state,"Our World in Data, Global Carbon Project"
United States,1906,12.405631,co2_emissions_per_capita,tonnes per person per year,ecological_state,"Our World in Data, Global Carbon Project"
United States,1907,14.144756,co2_emissions_per_capita,tonnes per person per year,ecological_state,"Our World in Data, Global Carbon Project"
United States,1908,12.144965,co2_emissions_per_capita,tonnes per person per year,ecological_state,"Our World in Data, Global Carbon Project"
United States,1909,13.216985,co2_emissions_per_capita,tonnes per person per year,ecological_state,"Our World in Data, Global Carbon Project"
United States,1910,14.18195,co2_emissions_per_capita,tonnes per person per year,ecological_state,"Our World in Data, Global Carbon Project"
United States,1911,13.820649,co2_emissions_per_capita,tonnes per person per year,ecological_state,"Our World in Data, Global Carbon Project"
United States,1912,14.535418,co2_emissions_per_capita,tonnes per person per year,ecological_state,"Our World in Data, Global Carbon Project"
United States,1913,15.396738,co2_emissions_per_capita,tonnes per person per year,ecological_state,"Our World in Data, Global Carbon Project"
United States,1914,13.879315,co2_emissions_per_capita,tonnes per person per year,ecological_state,"Our World in Data, Global Carbon Project"
United States,1915,14.201243,co2_emissions_per_capita,tonnes per person per year,ecological_state,"Our World in Data, Global Carbon Project"
United States,1916,15.553448,co2_emissions_per_capita,tonnes per person per year,ecological_state,"Our World in Data, Global Carbon Project"
United States,1917,16.86919,co2_emissions_per_capita,tonnes per person per year,ecological_state,"Our World in Data, Global Carbon Project"
United States,1918,17.372637,co2_emissions_per_capita,tonnes per person per year,ecological_state,"Our World in Data, Global Carbon Project"
United States,1919,14.513221,co2_emissions_per_capita,tonnes per person per year,ecological_state,"Our World in Data, Global Carbon Project"
United States,1920,16.816145,co2_emissions_per_capita,tonnes per person per year,ecological_state,"Our World in Data, Global Carbon Project"
United States,1921,13.589925,co2_emissions_per_capita,tonnes per person per year,ecological_state,"Our World in Data, Global Carbon Project"
United States,1922,13.520765,co2_emissions_per_capita,tonnes per person per year,ecological_state,"Our World in Data, Global Carbon Project"
United States,1923,17.591671,co2_emissions_per_capita,tonnes per person per year,ecological_state,"Our World in Data, Global Carbon Project"
United States,1924,15.544684,co2_emissions_per_capita,tonnes per person per year,ecological_state,"Our World in Data, Global Carbon Project"
United States,1925,15.735723,co2_emissions_per_capita,tonnes per person per year,ecological_state,"Our World in Data, Global Carbon Project"
United States,1926,16.812035,co2_emissions_per_capita,tonnes per person per year,ecological_state,"Our World in Data, Global Carbon Project"
United States,1927,16.192951,co2_emissions_per_capita,tonnes per person per year,ecological_state,"Our World in Data, Global Carbon Project"
United States,1928,15.685378,co2_emissions_per_capita,tonnes per person per year,ecological_state,"Our World in Data, Global Carbon Project"
United States,1929,16.603048,co2_emissions_per_capita,tonnes per person per year,ecological_state,"Our World in Data, Global Carbon Project"
United States,1930,14.58597,co2_emissions_per_capita,tonnes per person per year,ecological_state,"Our World in Data, Global Carbon Project"
United States,1931,12.289558,co2_emissions_per_capita,tonnes per person per year,ecological_state,"Our World in Data, Global Carbon Project"
United States,1932,10.321664,co2_emissions_per_capita,tonnes per person per year,ecological_state,"Our World in Data, Global Carbon Project"
United States,1933,10.991698,co2_emissions_per_capita,tonnes per person per year,ecological_state,"Our World in Data, Global Carbon Project"
United States,1934,11.621933,co2_emissions_per_capita,tonnes per person per year,ecological_state,"Our World in Data, Global Carbon Project"
United States,1935,11.991493,co2_emissions_per_capita,tonnes per person per year,ecological_state,"Our World in Data, Global Carbon Project"
United States,1936,13.672,co2_emissions_per_capita,tonnes per person per year,ecological_state,"Our World in Data, Global Carbon Project"
United States,1937,14.204154,co2_emissions_per_capita,tonnes per person per year,ecological_state,"Our World in Data, Global Carbon Project"
United States,1938,11.926593,co2_emissions_per_capita,tonnes per person per year,ecological_state,"Our World in Data, Global Carbon Project"
United States,1939,13.037762,co2_emissions_per_capita,tonnes per person per year,ecological_state,"Our World in Data, Global Carbon Project"
United States,1940,14.487894,co2_emissions_per_capita,tonnes per person per year,ecological_state,"Our World in Data, Global Carbon Project"
United States,1941,15.615902,co2_emissions_per_capita,tonnes per person per year,ecological_state,"Our World in Data, Global Carbon Project"
United States,1942,16.58958,co2_emissions_per_capita,tonnes per person per year,ecological_state,"Our World in Data, Global Carbon Project"
United States,1943,16.911407,co2_emissions_per_capita,tonnes per person per year,ecological_state,"Our World in Data, Global Carbon Project"
United States,1944,17.948437,co2_emissions_per_capita,tonnes per person per year,ecological_state,"Our World in Data, Global Carbon Project"
United States,1945,17.084375,co2_emissions_per_capita,tonnes per person per year,ecological_state,"Our World in Data, Global Carbon Project"
United States,1946,16.121332,co2_emissions_per_capita,tonnes per person per year,ecological_state,"Our World in Data, Global Carbon Project"
United States,1947,17.508738,co2_emissions_per_capita,tonnes per person per year,ecological_state,"Our World in Data, Global Carbon Project"
United States,1948,17.940481,co2_emissions_per_capita,tonnes per person per year,ecological_state,"Our World in Data, Global Carbon Project"
United States,1949,14.822593,co2_emissions_per_capita,tonnes per person per year,ecological_state,"Our World in Data, Global Carbon Project"
United States,1950,16.48146,co2_emissions_per_capita,tonnes per person per year,ecological_state,"Our World in Data, Global Carbon Project"
United States,1951,16.734932,co2_emissions_per_capita,tonnes per person per year,ecological_state,"Our World in Data, Global Carbon Project"
United States,1952,16.066175,co2_emissions_per_capita,tonnes per person per year,ecological_state,"Our World in Data, Global Carbon Project"
United States,1953,16.212685,co2_emissions_per_capita,tonnes per person per year,ecological_state,"Our World in Data, Global Carbon Project"
United States,1954,15.213387,co2_emissions_per_capita,tonnes per person per year,ecological_state,"Our World in Data, Global Carbon Project"
United States,1955,16.417015,co2_emissions_per_capita,tonnes per person per year,ecological_state,"Our World in Data, Global Carbon Project"
United States,1956,16.940548,co2_emissions_per_capita,tonnes per person per year,ecological_state,"Our World in Data, Global Carbon Project"
United States,1957,16.535189,co2_emissions_per_capita,tonnes per person per year,ecological_state,"Our World in Data, Global Carbon Project"
United States,1958,15.768463,co2_emissions_per_capita,tonnes per person per year,ecological_state,"Our World in Data, Global Carbon Project"
United States,1959,15.986317,co2_emissions_per_capita,tonnes per person per year,ecological_state,"Our World in Data, Global Carbon Project"
United States,1960,16.07164,co2_emissions_per_capita,tonnes per person per year,ecological_state,"Our World in Data, Global Carbon Project"
United States,1961,15.733118,co2_emissions_per_capita,tonnes per person per year,ecological_state,"Our World in Data, Global Carbon Project"
United States,1962,16.033794,co2_emissions_per_capita,tonnes per person per year,ecological_state,"Our World in Data, Global Carbon Project"
United States,1963,16.47033,co2_emissions_per_capita,tonnes per person per year,ecological_state,"Our World in Data, Global Carbon Project"
United States,1964,16.929342,co2_emissions_per_capita,tonnes per person per year,ecological_state,"Our World in Data, Global Carbon Project"
United States,1965,17.37528,co2_emissions_per_capita,tonnes per person per year,ecological_state,"Our World in Data, Global Carbon Project"
United States,1966,18.013317,co2_emissions_per_capita,tonnes per person per year,ecological_state,"Our World in Data, Global Carbon Project"
United States,1967,18.462694,co2_emissions_per_capita,tonnes per person per year,ecological_state,"Our World in Data, Global Carbon Project"
United States,1968,18.919777,co2_emissions_per_capita,tonnes per person per year,ecological_state,"Our World in Data, Global Carbon Project"
United States,1969,19.654922,co2_emissions_per_capita,tonnes per person per year,ecological_state,"Our World in Data, Global Carbon Project"
United States,1970,20.884413,co2_emissions_per_capita,tonnes per person per year,ecological_state,"Our World in Data, Global Carbon Project"
United States,1971,20.74589,co2_emissions_per_capita,tonnes per person per year,ecological_state,"Our World in Data, Global Carbon Project"
United States,1972,21.485521,co2_emissions_per_capita,tonnes per person per year,ecological_state,"Our World in Data, Global Carbon Project"
United States,1973,22.2213,co2_emissions_per_capita,tonnes per person per year,ecological_state,"Our World in Data, Global Carbon Project"
United States,1974,21.229671,co2_emissions_per_capita,tonnes per person per year,ecological_state,"Our World in Data, Global Carbon Project"
United States,1975,20.145435,co2_emissions_per_capita,tonnes per person per year,ecological_state,"Our World in Data, Global Carbon Project"
United States,1976,20.895985,co2_emissions_per_capita,tonnes per person per year,ecological_state,"Our World in Data, Global Carbon Project"
United States,1977,21.273462,co2_emissions_per_capita,tonnes per person per year,ecological_state,"Our World in Data, Global Carbon Project"
United States,1978,21.727701,co2_emissions_per_capita,tonnes per person per year,ecological_state,"Our World in Data, Global Carbon Project"
United States,1979,21.569876,co2_emissions_per_capita,tonnes per person per year,ecological_state,"Our World in Data, Global Carbon Project"
United States,1980,20.578814,co2_emissions_per_capita,tonnes per person per year,ecological_state,"Our World in Data, Global Carbon Project"
United States,1981,19.567621,co2_emissions_per_capita,tonnes per person per year,ecological_state,"Our World in Data, Global Carbon Project"
United States,1982,18.381195,co2_emissions_per_capita,tonnes per person per year,ecological_state,"Our World in Data, Global Carbon Project"
United States,1983,18.340216,co2_emissions_per_capita,tonnes per person per year,ecological_state,"Our World in Data, Global Carbon Project"
United States,1984,18.714457,co2_emissions_per_capita,tonnes per person per year,ecological_state,"Our World in Data, Global Carbon Project"
United States,1985,18.599737,co2_emissions_per_capita,tonnes per person per year,ecological_state,"Our World in Data, Global Carbon Project"
United States,1986,18.438473,co2_emissions_per_capita,tonnes per person per year,ecological_state,"Our World in Data, Global Carbon Project"
United States,1987,19.06039,co2_emissions_per_capita,tonnes per person per year,ecological_state,"Our World in Data, Global Carbon Project"
United States,1988,19.717833,co2_emissions_per_capita,tonnes per person per year,ecological_state,"Our World in Data, Global Carbon Project"
United States,1989,19.78752,co2_emissions_per_capita,tonnes per person per year,ecological_state,"Our World in Data, Global Carbon Project"
United States,1990,20.253748,co2_emissions_per_capita,tonnes per person per year,ecological_state,"Our World in Data, Global Carbon Project"
United States,1991,19.793287,co2_emissions_per_capita,tonnes per person per year,ecological_state,"Our World in Data, Global Carbon Project"
United States,1992,19.948572,co2_emissions_per_capita,tonnes per person per year,ecological_state,"Our World in Data, Global Carbon Project"
United States,1993,20.102255,co2_emissions_per_capita,tonnes per person per year,ecological_state,"Our World in Data, Global Carbon Project"
United States,1994,20.197258,co2_emissions_per_capita,tonnes per person per year,ecological_state,"Our World in Data, Global Carbon Project"
United States,1995,20.230127,co2_emissions_per_capita,tonnes per person per year,ecological_state,"Our World in Data, Global Carbon Project"
United States,1996,20.678873,co2_emissions_per_capita,tonnes per person per year,ecological_state,"Our World in Data, Global Carbon Project"
United States,1997,20.745182,co2_emissions_per_capita,tonnes per person per year,ecological_state,"Our World in Data, Global Carbon Project"
United States,1998,20.774931,co2_emissions_per_capita,tonnes per person per year,ecological_state,"Our World in Data, Global Carbon Project"
United States,1999,20.805534,co2_emissions_per_capita,tonnes per person per year,ecological_state,"Our World in Data, Global Carbon Project"
United States,2000,21.39786,co2_emissions_per_capita,tonnes per person per year,ecological_state,"Our World in Data, Global Carbon Project"
United States,2001,20.766743,co2_emissions_per_capita,tonnes per person per year,ecological_state,"Our World in Data, Global Carbon Project"
United States,2002,20.718021,co2_emissions_per_capita,tonnes per person per year,ecological_state,"Our World in Data, Global Carbon Project"
United States,2003,20.718428,co2_emissions_per_capita,tonnes per person per year,ecological_state,"Our World in Data, Global Carbon Project"
United States,2004,20.873743,co2_emissions_per_capita,tonnes per person per year,ecological_state,"Our World in Data, Global Carbon Project"
United States,2005,20.71883,co2_emissions_per_capita,tonnes per person per year,ecological_state,"Our World in Data, Global Carbon Project"
United States,2006,20.236742,co2_emissions_per_capita,tonnes per person per year,ecological_state,"Our World in Data, Global Carbon Project"
United States,2007,20.28047,co2_emissions_per_capita,tonnes per person per year,ecological_state,"Our World in Data, Global Carbon Project"
United States,2008,19.409172,co2_emissions_per_capita,tonnes per person per year,ecological_state,"Our World in Data, Global Carbon Project"
United States,2009,17.81067,co2_emissions_per_capita,tonnes per person per year,ecological_state,"Our World in Data, Global Carbon Project"
United States,2010,18.22542,co2_emissions_per_capita,tonnes per person per year,ecological_state,"Our World in Data, Global Carbon Project"
United States,2011,17.634142,co2_emissions_per_capita,tonnes per person per year,ecological_state,"Our World in Data, Global Carbon Project"
United States,2012,16.812391,co2_emissions_per_capita,tonnes per person per year,ecological_state,"Our World in Data, Global Carbon Project"
United States,2013,17.09857,co2_emissions_per_capita,tonnes per person per year,ecological_state,"Our World in Data, Global Carbon Project"
United States,2014,17.118917,co2_emissions_per_capita,tonnes per person per year,ecological_state,"Our World in Data, Global Carbon Project"
United States,2015,16.461393,co2_emissions_per_capita,tonnes per person per year,ecological_state,"Our World in Data, Global Carbon Project"
United States,2016,15.934658,co2_emissions_per_capita,tonnes per person per year,ecological_state,"Our World in Data, Global Carbon Project"
United States,2017,15.639208,co2_emissions_per_capita,tonnes per person per year,ecological_state,"Our World in Data, Global Carbon Project"
United States,2018,16.000992,co2_emissions_per_capita,tonnes per person per year,ecological_state,"Our World in Data, Global Carbon Project"
United States,2019,15.500492,co2_emissions_per_capita,tonnes per person per year,ecological_state,"Our World in Data, Global Carbon Project"
United States,2020,13.8168955,co2_emissions_per_capita,tonnes per person per year,ecological_state,"Our World in Data, Global Carbon Project"
United States,2021,14.758024,co2_emissions_per_capita,tonnes per person per year,ecological_state,"Our World in Data, Global Carbon Project"
United States,2022,14.802047,co2_emissions_per_capita,tonnes per person per year,ecological_state,"Our World in Data, Global Carbon Project"
United States,2023,14.31945,co2_emissions_per_capita,tonnes per person per year,ecological_state,"Our World in Data, Global Carbon Project"
United States,2024,14.197287,co2_emissions_per_capita,tonnes per person per year,ecological_state,"Our World in Data, Global Carbon Project"
World,1750,0.0123539,co2_emissions_per_capita,tonnes per person per year,ecological_state,"Our World in Data, Global Carbon Project"
World,1760,0.013338744,co2_emissions_per_capita,tonnes per person per year,ecological_state,"Our World in Data, Global Carbon Project"
World,1770,0.015818821,co2_emissions_per_capita,tonnes per person per year,ecological_state,"Our World in Data, Global Carbon Project"
World,1780,0.01762452,co2_emissions_per_capita,tonnes per person per year,ecological_state,"Our World in Data, Global Carbon Project"
World,1790,0.021648014,co2_emissions_per_capita,tonnes per person per year,ecological_state,"Our World in Data, Global Carbon Project"
World,1800,0.033362012,co2_emissions_per_capita,tonnes per person per year,ecological_state,"Our World in Data, Global Carbon Project"
World,1801,0.032424923,co2_emissions_per_capita,tonnes per person per year,ecological_state,"Our World in Data, Global Carbon Project"
World,1802,0.040723216,co2_emissions_per_capita,tonnes per person per year,ecological_state,"Our World in Data, Global Carbon Project"
World,1803,0.029737618,co2_emissions_per_capita,tonnes per person per year,ecological_state,"Our World in Data, Global Carbon Project"
World,1804,0.031871665,co2_emissions_per_capita,tonnes per person per year,ecological_state,"Our World in Data, Global Carbon Project"
World,1805,0.0312423,co2_emissions_per_capita,tonnes per person per year,ecological_state,"Our World in Data, Global Carbon Project"
World,1806,0.03257867,co2_emissions_per_capita,tonnes per person per year,ecological_state,"Our World in Data, Global Carbon Project"
World,1807,0.035932284,co2_emissions_per_capita,tonnes per person per year,ecological_state,"Our World in Data, Global Carbon Project"
World,1808,0.03510763,co2_emissions_per_capita,tonnes per person per year,ecological_state,"Our World in Data, Global Carbon Project"
World,1809,0.03580392,co2_emissions_per_capita,tonnes per person per year,ecological_state,"Our World in Data, Global Carbon Project"
World,1810,0.038712256,co2_emissions_per_capita,tonnes per person per year,ecological_state,"Our World in Data, Global Carbon Project"
World,1811,0.039175447,co2_emissions_per_capita,tonnes per person per year,ecological_state,"Our World in Data, Global Carbon Project"
World,1812,0.039563652,co2_emissions_per_capita,tonnes per person per year,ecological_state,"Our World in Data, Global Carbon Project"
World,1813,0.039684527,co2_emissions_per_capita,tonnes per person per year,ecological_state,"Our World in Data, Global Carbon Project"
World,1814,0.04039906,co2_emissions_per_capita,tonnes per person per year,ecological_state,"Our World in Data, Global Carbon Project"
World,1815,0.04142064,co2_emissions_per_capita,tonnes per person per year,ecological_state,"Our World in Data, Global Carbon Project"
World,1816,0.042939313,co2_emissions_per_capita,tonnes per person per year,ecological_state,"Our World in Data, Global Carbon Project"
World,1817,0.04618237,co2_emissions_per_capita,tonnes per person per year,ecological_state,"Our World in Data, Global Carbon Project"
World,1818,0.047824178,co2_emissions_per_capita,tonnes per person per year,ecological_state,"Our World in Data, Global Carbon Project"
World,1819,0.047065414,co2_emissions_per_capita,tonnes per person per year,ecological_state,"Our World in Data, Global Carbon Project"
World,1820,0.046565164,co2_emissions_per_capita,tonnes per person per year,ecological_state,"Our World in Data, Global Carbon Project"
World,1821,0.047476232,co2_emissions_per_capita,tonnes per person per year,ecological_state,"Our World in Data, Global Carbon Project"
World,1822,0.04895967,co2_emissions_per_capita,tonnes per person per year,ecological_state,"Our World in Data, Global Carbon Project"
World,1823,0.05074557,co2_emissions_per_capita,tonnes per person per year,ecological_state,"Our World in Data, Global Carbon Project"
World,1824,0.05151068,co2_emissions_per_capita,tonnes per person per year,ecological_state,"Our World in Data, Global Carbon Project"
World,1825,0.053968403,co2_emissions_per_capita,tonnes per person per year,ecological_state,"Our World in Data, Global Carbon Project"
World,1826,0.054183245,co2_emissions_per_capita,tonnes per person per year,ecological_state,"Our World in Data, Global Carbon Project"
World,1827,0.057638906,co2_emissions_per_capita,tonnes per person per year,ecological_state,"Our World in Data, Global Carbon Project"
World,1828,0.058070365,co2_emissions_per_capita,tonnes per person per year,ecological_state,"Our World in Data, Global Carbon Project"
World,1829,0.057378292,co2_emissions_per_capita,tonnes per person per year,ecological_state,"Our World in Data, Global Carbon Project"
World,1830,0.07654942,co2_emissions_per_capita,tonnes per person per year,ecological_state,"Our World in Data, Global Carbon Project"
World,1831,0.07122242,co2_emissions_per_capita,tonnes per person per year,ecological_state,"Our World in Data, Global Carbon Project"
World,1832,0.06987763,co2_emissions_per_capita,tonnes per person per year,ecological_state,"Our World in Data, Global Carbon Project"
World,1833,0.07053719,co2_emissions_per_capita,tonnes per person per year,ecological_state,"Our World in Data, Global Carbon Project"
World,1834,0.07486173,co2_emissions_per_capita,tonnes per person per year,ecological_state,"Our World in Data, Global Carbon Project"
World,1835,0.081763364,co2_emissions_per_capita,tonnes per person per year,ecological_state,"Our World in Data, Global Carbon Project"
World,1836,0.08931406,co2_emissions_per_capita,tonnes per person per year,ecological_state,"Our World in Data, Global Carbon Project"
World,1837,0.088315286,co2_emissions_per_capita,tonnes per person per year,ecological_state,"Our World in Data, Global Carbon Project"
World,1838,0.0876033,co2_emissions_per_capita,tonnes per person per year,ecological_state,"Our World in Data, Global Carbon Project"
World,1839,0.0903286,co2_emissions_per_capita,tonnes per person per year,ecological_state,"Our World in Data, Global Carbon Project"
World,1840,0.09741459,co2_emissions_per_capita,tonnes per person per year,ecological_state,"Our World in Data, Global Carbon Project"
World,1841,0.09970388,co2_emissions_per_capita,tonnes per person per year,ecological_state,"Our World in Data, Global Carbon Project"
World,1842,0.10511472,co2_emissions_per_capita,tonnes per person per year,ecological_state,"Our World in Data, Global Carbon Project"
World,1843,0.107046865,co2_emissions_per_capita,tonnes per person per year,ecological_state,"Our World in Data, Global Carbon Project"
World,1844,0.11428088,co2_emissions_per_capita,tonnes per person per year,ecological_state,"Our World in Data, Global Carbon Project"
World,1845,0.124253325,co2_emissions_per_capita,tonnes per person per year,ecological_state,"Our World in Data, Global Carbon Project"
World,1846,0.12576827,co2_emissions_per_capita,tonnes per person per year,ecological_state,"Our World in Data, Global Carbon Project"
World,1847,0.13556848,co2_emissions_per_capita,tonnes per person per year,ecological_state,"Our World in Data, Global Carbon Project"
World,1848,0.13717109,co2_emissions_per_capita,tonnes per person per year,ecological_state,"Our World in Data, Global Carbon Project"
World,1849,0.1455768,co2_emissions_per_capita,tonnes per person per year,ecological_state,"Our World in Data, Global Carbon Project"
World,1850,0.1543173,co2_emissions_per_capita,tonnes per person per year,ecological_state,"Our World in Data, Global Carbon Project"
World,1851,0.15544534,co2_emissions_per_capita,tonnes per person per year,ecological_state,"Our World in Data, Global Carbon Project"
World,1852,0.16203701,co2_emissions_per_capita,tonnes per person per year,ecological_state,"Our World in Data, Global Carbon Project"
World,1853,0.16934833,co2_emissions_per_capita,tonnes per person per year,ecological_state,"Our World in Data, Global Carbon Project"
World,1854,0.19854853,co2_emissions_per_capita,tonnes per person per year,ecological_state,"Our World in Data, Global Carbon Project"
World,1855,0.20232286,co2_emissions_per_capita,tonnes per person per year,ecological_state,"Our World in Data, Global Carbon Project"
World,1856,0.21597627,co2_emissions_per_capita,tonnes per person per year,ecological_state,"Our World in Data, Global Carbon Project"
World,1857,0.21790454,co2_emissions_per_capita,tonnes per person per year,ecological_state,"Our World in Data, Global Carbon Project"
World,1858,0.22091475,co2_emissions_per_capita,tonnes per person per year,ecological_state,"Our World in Data, Global Carbon Project"
World,1859,0.23362447,co2_emissions_per_capita,tonnes per person per year,ecological_state,"Our World in Data, Global Carbon Project"
World,1860,0.25600263,co2_emissions_per_capita,tonnes per person per year,ecological_state,"Our World in Data, Global Carbon Project"
World,1861,0.2683436,co2_emissions_per_capita,tonnes per person per year,ecological_state,"Our World in Data, Global Carbon Project"
World,1862,0.27281454,co2_emissions_per_capita,tonnes per person per year,ecological_state,"Our World in Data, Global Carbon Project"
World,1863,0.28998128,co2_emissions_per_capita,tonnes per person per year,ecological_state,"Our World in Data, Global Carbon Project"
World,1864,0.311936,co2_emissions_per_capita,tonnes per person per year,ecological_state,"Our World in Data, Global Carbon Project"
World,1865,0.33019522,co2_emissions_per_capita,tonnes per person per year,ecological_state,"Our World in Data, Global Carbon Project"
World,1866,0.3399115,co2_emissions_per_capita,tonnes per person per year,ecological_state,"Our World in Data, Global Carbon Project"
World,1867,0.36277172,co2_emissions_per_capita,tonnes per person per year,ecological_state,"Our World in Data, Global Carbon Project"
World,1868,0.3718745,co2_emissions_per_capita,tonnes per person per year,ecological_state,"Our World in Data, Global Carbon Project"
World,1869,0.39315882,co2_emissions_per_capita,tonnes per person per year,ecological_state,"Our World in Data, Global Carbon Project"
World,1870,0.40004173,co2_emissions_per_capita,tonnes per person per year,ecological_state,"Our World in Data, Global Carbon Project"
World,1871,0.42324728,co2_emissions_per_capita,tonnes per person per year,ecological_state,"Our World in Data, Global Carbon Project"
World,1872,0.46637836,co2_emissions_per_capita,tonnes per person per year,ecological_state,"Our World in Data, Global Carbon Project"
World,1873,0.49293151,co2_emissions_per_capita,tonnes per person per year,ecological_state,"Our World in Data, Global Carbon Project"
World,1874,0.4597158,co2_emissions_per_capita,tonnes per person per year,ecological_state,"Our World in Data, Global Carbon Project"
World,1875,0.4953291,co2_emissions_per_capita,tonnes per person per year,ecological_state,"Our World in Data, Global Carbon Project"
World,1876,0.49953198,co2_emissions_per_capita,tonnes per person per year,ecological_state,"Our World in Data, Global Carbon Project"
World,1877,0.5064879,co2_emissions_per_capita,tonnes per person per year,ecological_state,"Our World in Data, Global Carbon Project"
World,1878,0.5077389,co2_emissions_per_capita,tonnes per person per year,ecological_state,"Our World in Data, Global Carbon Project"
World,1879,0.5404565,co2_emissions_per_capita,tonnes per person per year,ecological_state,"Our World in Data, Global Carbon Project"
World,1880,0.6067001,co2_emissions_per_capita,tonnes per person per year,ecological_state,"Our World in Data, Global Carbon Project"
World,1881,0.6237522,co2_emissions_per_capita,tonnes per person per year,ecological_state,"Our World in Data, Global Carbon Project"
World,1882,0.6542926,co2_emissions_per_capita,tonnes per person per year,ecological_state,"Our World in Data, Global Carbon Project"
World,1883,0.69086266,co2_emissions_per_capita,tonnes per person per year,ecological_state,"Our World in Data, Global Carbon Project"
World,1884,0.69398415,co2_emissions_per_capita,tonnes per person per year,ecological_state,"Our World in Data, Global Carbon Project"
World,1885,0.6941258,co2_emissions_per_capita,tonnes per person per year,ecological_state,"Our World in Data, Global Carbon Project"
World,1886,0.69947755,co2_emissions_per_capita,tonnes per person per year,ecological_state,"Our World in Data, Global Carbon Project"
World,1887,0.72873724,co2_emissions_per_capita,tonnes per person per year,ecological_state,"Our World in Data, Global Carbon Project"
World,1888,0.80136704,co2_emissions_per_capita,tonnes per person per year,ecological_state,"Our World in Data, Global Carbon Project"
World,1889,0.79603326,co2_emissions_per_capita,tonnes per person per year,ecological_state,"Our World in Data, Global Carbon Project"
World,1890,0.85953236,co2_emissions_per_capita,tonnes per person per year,ecological_state,"Our World in Data, Global Carbon Project"
World,1891,0.8943293,co2_emissions_per_capita,tonnes per person per year,ecological_state,"Our World in Data, Global Carbon Project"
World,1892,0.8954565,co2_emissions_per_capita,tonnes per person per year,ecological_state,"Our World in Data, Global Carbon Project"
World,1893,0.87847525,co2_emissions_per_capita,tonnes per person per year,ecological_state,"Our World in Data, Global Carbon Project"
World,1894,0.9041504,co2_emissions_per_capita,tonnes per person per year,ecological_state,"Our World in Data, Global Carbon Project"
World,1895,0.9514663,co2_emissions_per_capita,tonnes per person per year,ecological_state,"Our World in Data, Global Carbon Project"
World,1896,0.9764686,co2_emissions_per_capita,tonnes per person per year,ecological_state,"Our World in Data, Global Carbon Project"
World,1897,1.0157815,co2_emissions_per_capita,tonnes per person per year,ecological_state,"Our World in Data, Global Carbon Project"
World,1898,1.0642244,co2_emissions_per_capita,tonnes per person per year,ecological_state,"Our World in Data, Global Carbon Project"
World,1899,1.1542271,co2_emissions_per_capita,tonnes per person per year,ecological_state,"Our World in Data, Global Carbon Project"
World,1900,1.2062408,co2_emissions_per_capita,tonnes per person per year,ecological_state,"Our World in Data, Global Carbon Project"
World,1901,1.2352241,co2_emissions_per_capita,tonnes per person per year,ecological_state,"Our World in Data, Global Carbon Project"
World,1902,1.2563615,co2_emissions_per_capita,tonnes per person per year,ecological_state,"Our World in Data, Global Carbon Project"
World,1903,1.3584309,co2_emissions_per_capita,tonnes per person per year,ecological_state,"Our World in Data, Global Carbon Project"
World,1904,1.3623104,co2_emissions_per_capita,tonnes per person per year,ecological_state,"Our World in Data, Global Carbon Project"
World,1905,1.4395016,co2_emissions_per_capita,tonnes per person per year,ecological_state,"Our World in Data, Global Carbon Project"
World,1906,1.4907287,co2_emissions_per_capita,tonnes per person per year,ecological_state,"Our World in Data, Global Carbon Project"
World,1907,1.6844598,co2_emissions_per_capita,tonnes per person per year,ecological_state,"Our World in Data, Global Carbon Project"
World,1908,1.6041903,co2_emissions_per_capita,tonnes per person per year,ecological_state,"Our World in Data, Global Carbon Project"
World,1909,1.6576742,co2_emissions_per_capita,tonnes per person per year,ecological_state,"Our World in Data, Global Carbon Project"
World,1910,1.7258357,co2_emissions_per_capita,tonnes per person per year,ecological_state,"Our World in Data, Global Carbon Project"
World,1911,1.7395915,co2_emissions_per_capita,tonnes per person per year,ecological_state,"Our World in Data, Global Carbon Project"
World,1912,1.8148844,co2_emissions_per_capita,tonnes per person per year,ecological_state,"Our World in Data, Global Carbon Project"
World,1913,1.953036,co2_emissions_per_capita,tonnes per person per year,ecological_state,"Our World in Data, Global Carbon Project"
World,1914,1.7600181,co2_emissions_per_capita,tonnes per person per year,ecological_state,"Our World in Data, Global Carbon Project"
World,1915,1.7210791,co2_emissions_per_capita,tonnes per person per year,ecological_state,"Our World in Data, Global Carbon Project"
World,1916,1.8465517,co2_emissions_per_capita,tonnes per person per year,ecological_state,"Our World in Data, Global Carbon Project"
World,1917,1.9185146,co2_emissions_per_capita,tonnes per person per year,ecological_state,"Our World in Data, Global Carbon Project"
World,1918,1.8781468,co2_emissions_per_capita,tonnes per person per year,ecological_state,"Our World in Data, Global Carbon Project"
World,1919,1.6170758,co2_emissions_per_capita,tonnes per person per year,ecological_state,"Our World in Data, Global Carbon Project"
World,1920,1.8712187,co2_emissions_per_capita,tonnes per person per year,ecological_state,"Our World in Data, Global Carbon Project"
World,1921,1.6301049,co2_emissions_per_capita,tonnes per person per year,ecological_state,"Our World in Data, Global Carbon Project"
World,1922,1.6940141,co2_emissions_per_capita,tonnes per person per year,ecological_state,"Our World in Data, Global Carbon Project"
World,1923,1.9046209,co2_emissions_per_capita,tonnes per person per year,ecological_state,"Our World in Data, Global Carbon Project"
World,1924,1.8945516,co2_emissions_per_capita,tonnes per person per year,ecological_state,"Our World in Data, Global Carbon Project"
World,1925,1.8901367,co2_emissions_per_capita,tonnes per person per year,ecological_state,"Our World in Data, Global Carbon Project"
World,1926,1.8416375,co2_emissions_per_capita,tonnes per person per year,ecological_state,"Our World in Data, Global Carbon Project"
World,1927,1.9916863,co2_emissions_per_capita,tonnes per person per year,ecological_state,"Our World in Data, Global Carbon Project"
World,1928,1.9655659,co2_emissions_per_capita,tonnes per person per year,ecological_state,"Our World in Data, Global Carbon Project"
World,1929,2.0896432,co2_emissions_per_capita,tonnes per person per year,ecological_state,"Our World in Data, Global Carbon Project"
World,1930,1.910474,co2_emissions_per_capita,tonnes per person per year,ecological_state,"Our World in Data, Global Carbon Project"
World,1931,1.6917068,co2_emissions_per_capita,tonnes per person per year,ecological_state,"Our World in Data, Global Carbon Project"
World,1932,1.5107735,co2_emissions_per_capita,tonnes per person per year,ecological_state,"Our World in Data, Global Carbon Project"
World,1933,1.575086,co2_emissions_per_capita,tonnes per person per year,ecological_state,"Our World in Data, Global Carbon Project"
World,1934,1.6951171,co2_emissions_per_capita,tonnes per person per year,ecological_state,"Our World in Data, Global Carbon Project"
World,1935,1.7602078,co2_emissions_per_capita,tonnes per person per year,ecological_state,"Our World in Data, Global Carbon Project"
World,1936,1.9111634,co2_emissions_per_capita,tonnes per person per year,ecological_state,"Our World in Data, Global Carbon Project"
World,1937,2.0212395,co2_emissions_per_capita,tonnes per person per year,ecological_state,"Our World in Data, Global Carbon Project"
World,1938,1.8813955,co2_emissions_per_capita,tonnes per person per year,ecological_state,"Our World in Data, Global Carbon Project"
World,1939,1.9686357,co2_emissions_per_capita,tonnes per person per year,ecological_state,"Our World in Data, Global Carbon Project"
World,1940,2.1311977,co2_emissions_per_capita,tonnes per person per year,ecological_state,"Our World in Data, Global Carbon Project"
World,1941,2.1621437,co2_emissions_per_capita,tonnes per person per year,ecological_state,"Our World in Data, Global Carbon Project"
World,1942,2.1373806,co2_emissions_per_capita,tonnes per person per year,ecological_state,"Our World in Data, Global Carbon Project"
World,1943,2.1605964,co2_emissions_per_capita,tonnes per person per year,ecological_state,"Our World in Data, Global Carbon Project"
World,1944,2.1810997,co2_emissions_per_capita,tonnes per person per year,ecological_state,"Our World in Data, Global Carbon Project"
World,1945,1.798701,co2_emissions_per_capita,tonnes per person per year,ecological_state,"Our World in Data, Global Carbon Project"
World,1946,1.9183873,co2_emissions_per_capita,tonnes per person per year,ecological_state,"Our World in Data, Global Carbon Project"
World,1947,2.1332428,co2_emissions_per_capita,tonnes per person per year,ecological_state,"Our World in Data, Global Carbon Project"
World,1948,2.2310042,co2_emissions_per_capita,tonnes per person per year,ecological_state,"Our World in Data, Global Carbon Project"
World,1949,2.1086688,co2_emissions_per_capita,tonnes per person per year,ecological_state,"Our World in Data, Global Carbon Project"
World,1950,2.3787344,co2_emissions_per_capita,tonnes per person per year,ecological_state,"Our World in Data, Global Carbon Project"
World,1951,2.5155044,co2_emissions_per_capita,tonnes per person per year,ecological_state,"Our World in Data, Global Carbon Project"
World,1952,2.502896,co2_emissions_per_capita,tonnes per person per year,ecological_state,"Our World in Data, Global Carbon Project"
World,1953,2.52497,co2_emissions_per_capita,tonnes per person per year,ecological_state,"Our World in Data, Global Carbon Project"
World,1954,2.5279224,co2_emissions_per_capita,tonnes per person per year,ecological_state,"Our World in Data, Global Carbon Project"
World,1955,2.7166138,co2_emissions_per_capita,tonnes per person per year,ecological_state,"Our World in Data, Global Carbon Project"
World,1956,2.8354607,co2_emissions_per_capita,tonnes per person per year,ecological_state,"Our World in Data, Global Carbon Project"
World,1957,2.869636,co2_emissions_per_capita,tonnes per person per year,ecological_state,"Our World in Data, Global Carbon Project"
World,1958,2.8913758,co2_emissions_per_capita,tonnes per person per year,ecological_state,"Our World in Data, Global Carbon Project"
World,1959,2.9855902,co2_emissions_per_capita,tonnes per person per year,ecological_state,"Our World in Data, Global Carbon Project"
World,1960,3.1129305,co2_emissions_per_capita,tonnes per person per year,ecological_state,"Our World in Data, Global Carbon Project"
World,1961,3.0719054,co2_emissions_per_capita,tonnes per person per year,ecological_state,"Our World in Data, Global Carbon Project"
World,1962,3.1207407,co2_emissions_per_capita,tonnes per person per year,ecological_state,"Our World in Data, Global Carbon Project"
World,1963,3.2155952,co2_emissions_per_capita,tonnes per person per year,ecological_state,"Our World in Data, Global Carbon Project"
World,1964,3.3158252,co2_emissions_per_capita,tonnes per person per year,ecological_state,"Our World in Data, Global Carbon Project"
World,1965,3.3919592,co2_emissions_per_capita,tonnes per person per year,ecological_state,"Our World in Data, Global Carbon Project"
World,1966,3.4848654,co2_emissions_per_capita,tonnes per person per year,ecological_state,"Our World in Data, Global Carbon Project"
World,1967,3.5231547,co2_emissions_per_capita,tonnes per person per year,ecological_state,"Our World in Data, Global Carbon Project"
World,1968,3.6402233,co2_emissions_per_capita,tonnes per person per year,ecological_state,"Our World in Data, Global Carbon Project"
World,1969,3.8021357,co2_emissions_per_capita,tonnes per person per year,ecological_state,"Our World in Data, Global Carbon Project"
World,1970,4.0325885,co2_emissions_per_capita,tonnes per person per year,ecological_state,"Our World in Data, Global Carbon Project"
World,1971,4.1125965,co2_emissions_per_capita,tonnes per person per year,ecological_state,"Our World in Data, Global Carbon Project"
World,1972,4.219747,co2_emissions_per_capita,tonnes per person per year,ecological_state,"Our World in Data, Global Carbon Project"
World,1973,4.3555555,co2_emissions_per_capita,tonnes per person per year,ecological_state,"Our World in Data, Global Carbon Project"
World,1974,4.253289,co2_emissions_per_capita,tonnes per person per year,ecological_state,"Our World in Data, Global Carbon Project"
World,1975,4.173319,co2_emissions_per_capita,tonnes per person per year,ecological_state,"Our World in Data, Global Carbon Project"
World,1976,4.3101907,co2_emissions_per_capita,tonnes per person per year,ecological_state,"Our World in Data, Global Carbon Project"
World,1977,4.3524494,co2_emissions_per_capita,tonnes per person per year,ecological_state,"Our World in Data, Global Carbon Project"
World,1978,4.4325047,co2_emissions_per_capita,tonnes per person per year,ecological_state,"Our World in Data, Global Carbon Project"
World,1979,4.4657006,co2_emissions_per_capita,tonnes per person per year,ecological_state,"Our World in Data, Global Carbon Project"
World,1980,4.364099,co2_emissions_per_capita,tonnes per person per year,ecological_state,"Our World in Data, Global Carbon Project"
World,1981,4.168842,co2_emissions_per_capita,tonnes per person per year,ecological_state,"Our World in Data, Global Carbon Project"
World,1982,4.060496,co2_emissions_per_capita,tonnes per person per year,ecological_state,"Our World in Data, Global Carbon Project"
World,1983,4.0239425,co2_emissions_per_capita,tonnes per person per year,ecological_state,"Our World in Data, Global Carbon Project"
World,1984,4.068702,co2_emissions_per_capita,tonnes per person per year,ecological_state,"Our World in Data, Global Carbon Project"
World,1985,4.1374197,co2_emissions_per_capita,tonnes per person per year,ecological_state,"Our World in Data, Global Carbon Project"
World,1986,4.122175,co2_emissions_per_capita,tonnes per person per year,ecological_state,"Our World in Data, Global Carbon Project"
World,1987,4.1796536,co2_emissions_per_capita,tonnes per person per year,ecological_state,"Our World in Data, Global Carbon Project"
World,1988,4.262697,co2_emissions_per_capita,tonnes per person per year,ecological_state,"Our World in Data, Global Carbon Project"
World,1989,4.241189,co2_emissions_per_capita,tonnes per person per year,ecological_state,"Our World in Data, Global Carbon Project"
World,1990,4.266701,co2_emissions_per_capita,tonnes per person per year,ecological_state,"Our World in Data, Global Carbon Project"
World,1991,4.282473,co2_emissions_per_capita,tonnes per person per year,ecological_state,"Our World in Data, Global Carbon Project"
World,1992,4.090168,co2_emissions_per_capita,tonnes per person per year,ecological_state,"Our World in Data, Global Carbon Project"
World,1993,4.06862,co2_emissions_per_capita,tonnes per person per year,ecological_state,"Our World in Data, Global Carbon Project"
World,1994,4.047994,co2_emissions_per_capita,tonnes per person per year,ecological_state,"Our World in Data, Global Carbon Project"
World,1995,4.0835447,co2_emissions_per_capita,tonnes per person per year,ecological_state,"Our World in Data, Global Carbon Project"
World,1996,4.1481075,co2_emissions_per_capita,tonnes per person per year,ecological_state,"Our World in Data, Global Carbon Project"
World,1997,4.1149697,co2_emissions_per_capita,tonnes per person per year,ecological_state,"Our World in Data, Global Carbon Project"
World,1998,4.044522,co2_emissions_per_capita,tonnes per person per year,ecological_state,"Our World in Data, Global Carbon Project"
World,1999,4.0791173,co2_emissions_per_capita,tonnes per person per year,ecological_state,"Our World in Data, Global Carbon Project"
World,2000,4.133621,co2_emissions_per_capita,tonnes per person per year,ecological_state,"Our World in Data, Global Carbon Project"
World,2001,4.1076345,co2_emissions_per_capita,tonnes per person per year,ecological_state,"Our World in Data, Global Carbon Project"
World,2002,4.1442804,co2_emissions_per_capita,tonnes per person per year,ecological_state,"Our World in Data, Global Carbon Project"
World,2003,4.30703,co2_emissions_per_capita,tonnes per person per year,ecological_state,"Our World in Data, Global Carbon Project"
World,2004,4.3992558,co2_emissions_per_capita,tonnes per person per year,ecological_state,"Our World in Data, Global Carbon Project"
World,2005,4.493561,co2_emissions_per_capita,tonnes per person per year,ecological_state,"Our World in Data, Global Carbon Project"
World,2006,4.585831,co2_emissions_per_capita,tonnes per person per year,ecological_state,"Our World in Data, Global Carbon Project"
World,2007,4.661509,co2_emissions_per_capita,tonnes per person per year,ecological_state,"Our World in Data, Global Carbon Project"
World,2008,4.682571,co2_emissions_per_capita,tonnes per person per year,ecological_state,"Our World in Data, Global Carbon Project"
World,2009,4.545518,co2_emissions_per_capita,tonnes per person per year,ecological_state,"Our World in Data, Global Carbon Project"
World,2010,4.744936,co2_emissions_per_capita,tonnes per person per year,ecological_state,"Our World in Data, Global Carbon Project"
World,2011,4.848876,co2_emissions_per_capita,tonnes per person per year,ecological_state,"Our World in Data, Global Carbon Project"
World,2012,4.854014,co2_emissions_per_capita,tonnes per person per year,ecological_state,"Our World in Data, Global Carbon Project"
World,2013,4.837743,co2_emissions_per_capita,tonnes per person per year,ecological_state,"Our World in Data, Global Carbon Project"
World,2014,4.8045974,co2_emissions_per_capita,tonnes per person per year,ecological_state,"Our World in Data, Global Carbon Project"
World,2015,4.7391157,co2_emissions_per_capita,tonnes per person per year,ecological_state,"Our World in Data, Global Carbon Project"
World,2016,4.6824865,co2_emissions_per_capita,tonnes per person per year,ecological_state,"Our World in Data, Global Carbon Project"
World,2017,4.705259,co2_emissions_per_capita,tonnes per person per year,ecological_state,"Our World in Data, Global Carbon Project"
World,2018,4.752195,co2_emissions_per_capita,tonnes per person per year,ecological_state,"Our World in Data, Global Carbon Project"
World,2019,4.7478137,co2_emissions_per_capita,tonnes per person per year,ecological_state,"Our World in Data, Global Carbon Project"
World,2020,4.4577436,co2_emissions_per_capita,tonnes per person per year,ecological_state,"Our World in Data, Global Carbon Project"
World,2021,4.634748,co2_emissions_per_capita,tonnes per person per year,ecological_state,"Our World in Data, Global Carbon Project"
World,2022,4.6784525,co2_emissions_per_capita,tonnes per person per year,ecological_state,"Our World in Data, Global Carbon Project"
World,2023,4.707772,co2_emissions_per_capita,tonnes per person per year,ecological_state,"Our World in Data, Global Carbon Project"
World,2024,4.729075,co2_emissions_per_capita,tonnes per person per year,ecological_state,"Our World in Data, Global Carbon Project"
United States,1965,71812.44,energy_use_per_capita,kWh per person per year,provision,"Our World in Data (primary energy, kilowatt-hours per person)"
United States,1966,74931.914,energy_use_per_capita,kWh per person per year,provision,"Our World in Data (primary energy, kilowatt-hours per person)"
United States,1967,76410.7,energy_use_per_capita,kWh per person per year,provision,"Our World in Data (primary energy, kilowatt-hours per person)"
United States,1968,80174.56,energy_use_per_capita,kWh per person per year,provision,"Our World in Data (primary energy, kilowatt-hours per person)"
United States,1969,83231.336,energy_use_per_capita,kWh per person per year,provision,"Our World in Data (primary energy, kilowatt-hours per person)"
United States,1970,85254.97,energy_use_per_capita,kWh per person per year,provision,"Our World in Data (primary energy, kilowatt-hours per person)"
United States,1971,85852.1,energy_use_per_capita,kWh per person per year,provision,"Our World in Data (primary energy, kilowatt-hours per person)"
United States,1972,89211.38,energy_use_per_capita,kWh per person per year,provision,"Our World in Data (primary energy, kilowatt-hours per person)"
United States,1973,92202.75,energy_use_per_capita,kWh per person per year,provision,"Our World in Data (primary energy, kilowatt-hours per person)"
United States,1974,88816.58,energy_use_per_capita,kWh per person per year,provision,"Our World in Data (primary energy, kilowatt-hours per person)"
United States,1975,85689.4,energy_use_per_capita,kWh per person per year,provision,"Our World in Data (primary energy, kilowatt-hours per person)"
United States,1976,89851.484,energy_use_per_capita,kWh per person per year,provision,"Our World in Data (primary energy, kilowatt-hours per person)"
United States,1977,91948.49,energy_use_per_capita,kWh per person per year,provision,"Our World in Data (primary energy, kilowatt-hours per person)"
United States,1978,92610.305,energy_use_per_capita,kWh per person per year,provision,"Our World in Data (primary energy, kilowatt-hours per person)"
United States,1979,92727.3,energy_use_per_capita,kWh per person per year,provision,"Our World in Data (primary energy, kilowatt-hours per person)"
United States,1980,88253.54,energy_use_per_capita,kWh per person per year,provision,"Our World in Data (primary energy, kilowatt-hours per person)"
United States,1981,84888.63,energy_use_per_capita,kWh per person per year,provision,"Our World in Data (primary energy, kilowatt-hours per person)"
United States,1982,80104.23,energy_use_per_capita,kWh per person per year,provision,"Our World in Data (primary energy, kilowatt-hours per person)"
United States,1983,78862.52,energy_use_per_capita,kWh per person per year,provision,"Our World in Data (primary energy, kilowatt-hours per person)"
United States,1984,82367.484,energy_use_per_capita,kWh per person per year,provision,"Our World in Data (primary energy, kilowatt-hours per person)"
United States,1985,81782.586,energy_use_per_capita,kWh per person per year,provision,"Our World in Data (primary energy, kilowatt-hours per person)"
United States,1986,81768.04,energy_use_per_capita,kWh per person per year,provision,"Our World in Data (primary energy, kilowatt-hours per person)"
United States,1987,84188.555,energy_use_per_capita,kWh per person per year,provision,"Our World in Data (primary energy, kilowatt-hours per person)"
United States,1988,87551.125,energy_use_per_capita,kWh per person per year,provision,"Our World in Data (primary energy, kilowatt-hours per person)"
United States,1989,88626.88,energy_use_per_capita,kWh per person per year,provision,"Our World in Data (primary energy, kilowatt-hours per person)"
United States,1990,87859.36,energy_use_per_capita,kWh per person per year,provision,"Our World in Data (primary energy, kilowatt-hours per person)"
United States,1991,86760.05,energy_use_per_capita,kWh per person per year,provision,"Our World in Data (primary energy, kilowatt-hours per person)"
United States,1992,87274.51,energy_use_per_capita,kWh per person per year,provision,"Our World in Data (primary energy, kilowatt-hours per person)"
United States,1993,87906.98,energy_use_per_capita,kWh per person per year,provision,"Our World in Data (primary energy, kilowatt-hours per person)"
United States,1994,88713.945,energy_use_per_capita,kWh per person per year,provision,"Our World in Data (primary energy, kilowatt-hours per person)"
United States,1995,89328.77,energy_use_per_capita,kWh per person per year,provision,"Our World in Data (primary energy, kilowatt-hours per person)"
United States,1996,91245.39,energy_use_per_capita,kWh per person per year,provision,"Our World in Data (primary energy, kilowatt-hours per person)"
United States,1997,90979.36,energy_use_per_capita,kWh per person per year,provision,"Our World in Data (primary energy, kilowatt-hours per person)"
United States,1998,90968.04,energy_use_per_capita,kWh per person per year,provision,"Our World in Data (primary energy, kilowatt-hours per person)"
United States,1999,91794.805,energy_use_per_capita,kWh per person per year,provision,"Our World in Data (primary energy, kilowatt-hours per person)"
United States,2000,93272.01,energy_use_per_capita,kWh per person per year,provision,"Our World in Data (primary energy, kilowatt-hours per person)"
United States,2001,90610.81,energy_use_per_capita,kWh per person per year,provision,"Our World in Data (primary energy, kilowatt-hours per person)"
United States,2002,90823.234,energy_use_per_capita,kWh per person per year,provision,"Our World in Data (primary energy, kilowatt-hours per person)"
United States,2003,90189.17,energy_use_per_capita,kWh per person per year,provision,"Our World in Data (primary energy, kilowatt-hours per person)"
United States,2004,91201.57,energy_use_per_capita,kWh per person per year,provision,"Our World in Data (primary energy, kilowatt-hours per person)"
United States,2005,90348.94,energy_use_per_capita,kWh per person per year,provision,"Our World in Data (primary energy, kilowatt-hours per person)"
United States,2006,88619.46,energy_use_per_capita,kWh per person per year,provision,"Our World in Data (primary energy, kilowatt-hours per person)"
United States,2007,89215.78,energy_use_per_capita,kWh per person per year,provision,"Our World in Data (primary energy, kilowatt-hours per person)"
United States,2008,86038.24,energy_use_per_capita,kWh per person per year,provision,"Our World in Data (primary energy, kilowatt-hours per person)"
United States,2009,80790.055,energy_use_per_capita,kWh per person per year,provision,"Our World in Data (primary energy, kilowatt-hours per person)"
United States,2010,82758.3,energy_use_per_capita,kWh per person per year,provision,"Our World in Data (primary energy, kilowatt-hours per person)"
United States,2011,80796.16,energy_use_per_capita,kWh per person per year,provision,"Our World in Data (primary energy, kilowatt-hours per person)"
United States,2012,78021.15,energy_use_per_capita,kWh per person per year,provision,"Our World in Data (primary energy, kilowatt-hours per person)"
United States,2013,79363.71,energy_use_per_capita,kWh per person per year,provision,"Our World in Data (primary energy, kilowatt-hours per person)"
United States,2014,79442.87,energy_use_per_capita,kWh per person per year,provision,"Our World in Data (primary energy, kilowatt-hours per person)"
United States,2015,77959.28,energy_use_per_capita,kWh per person per year,provision,"Our World in Data (primary energy, kilowatt-hours per person)"
United States,2016,76891.07,energy_use_per_capita,kWh per person per year,provision,"Our World in Data (primary energy, kilowatt-hours per person)"
United States,2017,76127.68,energy_use_per_capita,kWh per person per year,provision,"Our World in Data (primary energy, kilowatt-hours per person)"
United States,2018,78242.54,energy_use_per_capita,kWh per person per year,provision,"Our World in Data (primary energy, kilowatt-hours per person)"
United States,2019,76923.016,energy_use_per_capita,kWh per person per year,provision,"Our World in Data (primary energy, kilowatt-hours per person)"
United States,2020,70529.56,energy_use_per_capita,kWh per person per year,provision,"Our World in Data (primary energy, kilowatt-hours per person)"
United States,2021,74114.03,energy_use_per_capita,kWh per person per year,provision,"Our World in Data (primary energy, kilowatt-hours per person)"
United States,2022,75007.14,energy_use_per_capita,kWh per person per year,provision,"Our World in Data (primary energy, kilowatt-hours per person)"
United States,2023,73724.625,energy_use_per_capita,kWh per person per year,provision,"Our World in Data (primary energy, kilowatt-hours per person)"
United States,2024,74018.35,energy_use_per_capita,kWh per person per year,provision,"Our World in Data (primary energy, kilowatt-hours per person)"
United States,2025,75051.33,energy_use_per_capita,kWh per person per year,provision,"Our World in Data (primary energy, kilowatt-hours per person)"
World,1800,98.667,energy_use_per_capita,kWh per person per year,provision,"Our World in Data (primary energy, kilowatt-hours per person)"
World,1810,125.47173,energy_use_per_capita,kWh per person per year,provision,"Our World in Data (primary energy, kilowatt-hours per person)"
World,1820,140.43048,energy_use_per_capita,kWh per person per year,provision,"Our World in Data (primary energy, kilowatt-hours per person)"
World,1830,227.09729,energy_use_per_capita,kWh per person per year,provision,"Our World in Data (primary energy, kilowatt-hours per person)"
World,1840,291.89487,energy_use_per_capita,kWh per person per year,provision,"Our World in Data (primary energy, kilowatt-hours per person)"
World,1850,446.0636,energy_use_per_capita,kWh per person per year,provision,"Our World in Data (primary energy, kilowatt-hours per person)"
World,1860,817.39417,energy_use_per_capita,kWh per person per year,provision,"Our World in Data (primary energy, kilowatt-hours per person)"
World,1870,1229.6962,energy_use_per_capita,kWh per person per year,provision,"Our World in Data (primary energy, kilowatt-hours per person)"
World,1880,1820.3241,energy_use_per_capita,kWh per person per year,provision,"Our World in Data (primary energy, kilowatt-hours per person)"
World,1890,2624.7761,energy_use_per_capita,kWh per person per year,provision,"Our World in Data (primary energy, kilowatt-hours per person)"
World,1900,3681.0034,energy_use_per_capita,kWh per person per year,provision,"Our World in Data (primary energy, kilowatt-hours per person)"
World,1910,5221.176,energy_use_per_capita,kWh per person per year,provision,"Our World in Data (primary energy, kilowatt-hours per person)"
World,1920,5813.467,energy_use_per_capita,kWh per person per year,provision,"Our World in Data (primary energy, kilowatt-hours per person)"
World,1930,6088.9473,energy_use_per_capita,kWh per person per year,provision,"Our World in Data (primary energy, kilowatt-hours per person)"
World,1940,6678.07,energy_use_per_capita,kWh per person per year,provision,"Our World in Data (primary energy, kilowatt-hours per person)"
World,1950,8211.487,energy_use_per_capita,kWh per person per year,provision,"Our World in Data (primary energy, kilowatt-hours per person)"
World,1960,10512.454,energy_use_per_capita,kWh per person per year,provision,"Our World in Data (primary energy, kilowatt-hours per person)"
World,1965,12470.184,energy_use_per_capita,kWh per person per year,provision,"Our World in Data (primary energy, kilowatt-hours per person)"
World,1966,12878.087,energy_use_per_capita,kWh per person per year,provision,"Our World in Data (primary energy, kilowatt-hours per person)"
World,1967,13091.742,energy_use_per_capita,kWh per person per year,provision,"Our World in Data (primary energy, kilowatt-hours per person)"
World,1968,13598.395,energy_use_per_capita,kWh per person per year,provision,"Our World in Data (primary energy, kilowatt-hours per person)"
World,1969,14240.698,energy_use_per_capita,kWh per person per year,provision,"Our World in Data (primary energy, kilowatt-hours per person)"
World,1970,14864.775,energy_use_per_capita,kWh per person per year,provision,"Our World in Data (primary energy, kilowatt-hours per person)"
World,1971,15142.155,energy_use_per_capita,kWh per person per year,provision,"Our World in Data (primary energy, kilowatt-hours per person)"
World,1972,15670.704,energy_use_per_capita,kWh per person per year,provision,"Our World in Data (primary energy, kilowatt-hours per person)"
World,1973,16288.396,energy_use_per_capita,kWh per person per year,provision,"Our World in Data (primary energy, kilowatt-hours per person)"
World,1974,16012.027,energy_use_per_capita,kWh per person per year,provision,"Our World in Data (primary energy, kilowatt-hours per person)"
World,1975,15832.391,energy_use_per_capita,kWh per person per year,provision,"Our World in Data (primary energy, kilowatt-hours per person)"
World,1976,16424.13,energy_use_per_capita,kWh per person per year,provision,"Our World in Data (primary energy, kilowatt-hours per person)"
World,1977,16726.98,energy_use_per_capita,kWh per person per year,provision,"Our World in Data (primary energy, kilowatt-hours per person)"
World,1978,17055.178,energy_use_per_capita,kWh per person per year,provision,"Our World in Data (primary energy, kilowatt-hours per person)"
World,1979,17302.312,energy_use_per_capita,kWh per person per year,provision,"Our World in Data (primary energy, kilowatt-hours per person)"
World,1980,16829.99,energy_use_per_capita,kWh per person per year,provision,"Our World in Data (primary energy, kilowatt-hours per person)"
World,1981,16443.174,energy_use_per_capita,kWh per person per year,provision,"Our World in Data (primary energy, kilowatt-hours per person)"
World,1982,16050.318,energy_use_per_capita,kWh per person per year,provision,"Our World in Data (primary energy, kilowatt-hours per person)"
World,1983,16019.516,energy_use_per_capita,kWh per person per year,provision,"Our World in Data (primary energy, kilowatt-hours per person)"
World,1984,16460.324,energy_use_per_capita,kWh per person per year,provision,"Our World in Data (primary energy, kilowatt-hours per person)"
World,1985,16614.912,energy_use_per_capita,kWh per person per year,provision,"Our World in Data (primary energy, kilowatt-hours per person)"
World,1986,16691.162,energy_use_per_capita,kWh per person per year,provision,"Our World in Data (primary energy, kilowatt-hours per person)"
World,1987,17002.732,energy_use_per_capita,kWh per person per year,provision,"Our World in Data (primary energy, kilowatt-hours per person)"
World,1988,17328.123,energy_use_per_capita,kWh per person per year,provision,"Our World in Data (primary energy, kilowatt-hours per person)"
World,1989,17381.523,energy_use_per_capita,kWh per person per year,provision,"Our World in Data (primary energy, kilowatt-hours per person)"
World,1990,17270.41,energy_use_per_capita,kWh per person per year,provision,"Our World in Data (primary energy, kilowatt-hours per person)"
World,1991,17106.277,energy_use_per_capita,kWh per person per year,provision,"Our World in Data (primary energy, kilowatt-hours per person)"
World,1992,16943.713,energy_use_per_capita,kWh per person per year,provision,"Our World in Data (primary energy, kilowatt-hours per person)"
World,1993,16781.63,energy_use_per_capita,kWh per person per year,provision,"Our World in Data (primary energy, kilowatt-hours per person)"
World,1994,16754.139,energy_use_per_capita,kWh per person per year,provision,"Our World in Data (primary energy, kilowatt-hours per person)"
World,1995,16839.115,energy_use_per_capita,kWh per person per year,provision,"Our World in Data (primary energy, kilowatt-hours per person)"
World,1996,17092.805,energy_use_per_capita,kWh per person per year,provision,"Our World in Data (primary energy, kilowatt-hours per person)"
World,1997,17012.96,energy_use_per_capita,kWh per person per year,provision,"Our World in Data (primary energy, kilowatt-hours per person)"
World,1998,16877.793,energy_use_per_capita,kWh per person per year,provision,"Our World in Data (primary energy, kilowatt-hours per person)"
World,1999,16944.68,energy_use_per_capita,kWh per person per year,provision,"Our World in Data (primary energy, kilowatt-hours per person)"
World,2000,17172.146,energy_use_per_capita,kWh per person per year,provision,"Our World in Data (primary energy, kilowatt-hours per person)"
World,2001,17155.463,energy_use_per_capita,kWh per person per year,provision,"Our World in Data (primary energy, kilowatt-hours per person)"
World,2002,17314.21,energy_use_per_capita,kWh per person per year,provision,"Our World in Data (primary energy, kilowatt-hours per person)"
World,2003,17715.055,energy_use_per_capita,kWh per person per year,provision,"Our World in Data (primary energy, kilowatt-hours per person)"
World,2004,18357.658,energy_use_per_capita,kWh per person per year,provision,"Our World in Data (primary energy, kilowatt-hours per person)"
World,2005,18728.182,energy_use_per_capita,kWh per person per year,provision,"Our World in Data (primary energy, kilowatt-hours per person)"
World,2006,19032.518,energy_use_per_capita,kWh per person per year,provision,"Our World in Data (primary energy, kilowatt-hours per person)"
World,2007,19378.86,energy_use_per_capita,kWh per person per year,provision,"Our World in Data (primary energy, kilowatt-hours per person)"
World,2008,19310.469,energy_use_per_capita,kWh per person per year,provision,"Our World in Data (primary energy, kilowatt-hours per person)"
World,2009,18740.543,energy_use_per_capita,kWh per person per year,provision,"Our World in Data (primary energy, kilowatt-hours per person)"
World,2010,19403.36,energy_use_per_capita,kWh per person per year,provision,"Our World in Data (primary energy, kilowatt-hours per person)"
World,2011,19590.123,energy_use_per_capita,kWh per person per year,provision,"Our World in Data (primary energy, kilowatt-hours per person)"
World,2012,19578.074,energy_use_per_capita,kWh per person per year,provision,"Our World in Data (primary energy, kilowatt-hours per person)"
World,2013,19627.053,energy_use_per_capita,kWh per person per year,provision,"Our World in Data (primary energy, kilowatt-hours per person)"
World,2014,19563.242,energy_use_per_capita,kWh per person per year,provision,"Our World in Data (primary energy, kilowatt-hours per person)"
World,2015,19476.578,energy_use_per_capita,kWh per person per year,provision,"Our World in Data (primary energy, kilowatt-hours per person)"
World,2016,19434.057,energy_use_per_capita,kWh per person per year,provision,"Our World in Data (primary energy, kilowatt-hours per person)"
World,2017,19583.408,energy_use_per_capita,kWh per person per year,provision,"Our World in Data (primary energy, kilowatt-hours per person)"
World,2018,19873.229,energy_use_per_capita,kWh per person per year,provision,"Our World in Data (primary energy, kilowatt-hours per person)"
World,2019,19794.506,energy_use_per_capita,kWh per person per year,provision,"Our World in Data (primary energy, kilowatt-hours per person)"
World,2020,18763.19,energy_use_per_capita,kWh per person per year,provision,"Our World in Data (primary energy, kilowatt-hours per person)"
World,2021,19556.156,energy_use_per_capita,kWh per person per year,provision,"Our World in Data (primary energy, kilowatt-hours per person)"
World,2022,19689.658,energy_use_per_capita,kWh per person per year,provision,"Our World in Data (primary energy, kilowatt-hours per person)"
World,2023,19881.635,energy_use_per_capita,kWh per person per year,provision,"Our World in Data (primary energy, kilowatt-hours per person)"
World,2024,20153.719,energy_use_per_capita,kWh per person per year,provision,"Our World in Data (primary energy, kilowatt-hours per person)"
World,2025,20257.705,energy_use_per_capita,kWh per person per year,provision,"Our World in Data (primary energy, kilowatt-hours per person)"
United States,2025,67945.6146497427,gdp_per_capita_constant_2015_usd,constant 2015 US dollars,accounts,World Bank gdp_per_capita
United States,2024,66856.5131698371,gdp_per_capita_constant_2015_usd,constant 2015 US dollars,accounts,World Bank gdp_per_capita
United States,2023,65667.281580468,gdp_per_capita_constant_2015_usd,constant 2015 US dollars,accounts,World Bank gdp_per_capita
United States,2022,64322.2332819139,gdp_per_capita_constant_2015_usd,constant 2015 US dollars,accounts,World Bank gdp_per_capita
United States,2021,63096.7856149746,gdp_per_capita_constant_2015_usd,constant 2015 US dollars,accounts,World Bank gdp_per_capita
United States,2020,59533.609024416,gdp_per_capita_constant_2015_usd,constant 2015 US dollars,accounts,World Bank gdp_per_capita
United States,2019,61047.9648238812,gdp_per_capita_constant_2015_usd,constant 2015 US dollars,accounts,World Bank gdp_per_capita
United States,2018,59817.6556798612,gdp_per_capita_constant_2015_usd,constant 2015 US dollars,accounts,World Bank gdp_per_capita
United States,2017,58435.9707535619,gdp_per_capita_constant_2015_usd,constant 2015 US dollars,accounts,World Bank gdp_per_capita
United States,2016,57430.8499298804,gdp_per_capita_constant_2015_usd,constant 2015 US dollars,accounts,World Bank gdp_per_capita
United States,2015,56849.4697923159,gdp_per_capita_constant_2015_usd,constant 2015 US dollars,accounts,World Bank gdp_per_capita
United States,2014,55665.2411187802,gdp_per_capita_constant_2015_usd,constant 2015 US dollars,accounts,World Bank gdp_per_capita
United States,2013,54728.860179812,gdp_per_capita_constant_2015_usd,constant 2015 US dollars,accounts,World Bank gdp_per_capita
United States,2012,54000.8410778217,gdp_per_capita_constant_2015_usd,constant 2015 US dollars,accounts,World Bank gdp_per_capita
United States,2011,53215.5362314388,gdp_per_capita_constant_2015_usd,constant 2015 US dollars,accounts,World Bank gdp_per_capita
United States,2010,52812.6829869279,gdp_per_capita_constant_2015_usd,constant 2015 US dollars,accounts,World Bank gdp_per_capita
United States,2009,51863.6183416558,gdp_per_capita_constant_2015_usd,constant 2015 US dollars,accounts,World Bank gdp_per_capita
United States,2008,53703.962897927,gdp_per_capita_constant_2015_usd,constant 2015 US dollars,accounts,World Bank gdp_per_capita
United States,2007,54152.8292673551,gdp_per_capita_constant_2015_usd,constant 2015 US dollars,accounts,World Bank gdp_per_capita
United States,2006,53596.315236412,gdp_per_capita_constant_2015_usd,constant 2015 US dollars,accounts,World Bank gdp_per_capita
United States,2005,52649.5713060461,gdp_per_capita_constant_2015_usd,constant 2015 US dollars,accounts,World Bank gdp_per_capita
United States,2004,51348.3473386025,gdp_per_capita_constant_2015_usd,constant 2015 US dollars,accounts,World Bank gdp_per_capita
United States,2003,49905.5233080788,gdp_per_capita_constant_2015_usd,constant 2015 US dollars,accounts,World Bank gdp_per_capita
United States,2002,48967.3661217576,gdp_per_capita_constant_2015_usd,constant 2015 US dollars,accounts,World Bank gdp_per_capita
United States,2001,48597.4246124122,gdp_per_capita_constant_2015_usd,constant 2015 US dollars,accounts,World Bank gdp_per_capita
United States,2000,48616.2546282435,gdp_per_capita_constant_2015_usd,constant 2015 US dollars,accounts,World Bank gdp_per_capita
United States,1999,47234.2455290381,gdp_per_capita_constant_2015_usd,constant 2015 US dollars,accounts,World Bank gdp_per_capita
United States,1998,45596.4306879224,gdp_per_capita_constant_2015_usd,constant 2015 US dollars,accounts,World Bank gdp_per_capita
United States,1997,44151.6860410035,gdp_per_capita_constant_2015_usd,constant 2015 US dollars,accounts,World Bank gdp_per_capita
United States,1996,42783.8165724095,gdp_per_capita_constant_2015_usd,constant 2015 US dollars,accounts,World Bank gdp_per_capita
United States,1995,41710.8207256668,gdp_per_capita_constant_2015_usd,constant 2015 US dollars,accounts,World Bank gdp_per_capita
United States,1994,41106.9881833481,gdp_per_capita_constant_2015_usd,constant 2015 US dollars,accounts,World Bank gdp_per_capita
United States,1993,40002.4762253198,gdp_per_capita_constant_2015_usd,constant 2015 US dollars,accounts,World Bank gdp_per_capita
United States,1992,39447.9472850606,gdp_per_capita_constant_2015_usd,constant 2015 US dollars,accounts,World Bank gdp_per_capita
United States,1991,38637.8398179104,gdp_per_capita_constant_2015_usd,constant 2015 US dollars,accounts,World Bank gdp_per_capita
United States,1990,39200.0658091762,gdp_per_capita_constant_2015_usd,constant 2015 US dollars,accounts,World Bank gdp_per_capita
United States,1989,38911.5418959959,gdp_per_capita_constant_2015_usd,constant 2015 US dollars,accounts,World Bank gdp_per_capita
United States,1988,37889.3773459827,gdp_per_capita_constant_2015_usd,constant 2015 US dollars,accounts,World Bank gdp_per_capita
United States,1987,36701.9453874612,gdp_per_capita_constant_2015_usd,constant 2015 US dollars,accounts,World Bank gdp_per_capita
United States,1986,35794.8877746784,gdp_per_capita_constant_2015_usd,constant 2015 US dollars,accounts,World Bank gdp_per_capita
United States,1985,34918.1302039172,gdp_per_capita_constant_2015_usd,constant 2015 US dollars,accounts,World Bank gdp_per_capita
United States,1984,33818.823551545,gdp_per_capita_constant_2015_usd,constant 2015 US dollars,accounts,World Bank gdp_per_capita
United States,1983,31810.9216076638,gdp_per_capita_constant_2015_usd,constant 2015 US dollars,accounts,World Bank gdp_per_capita
United States,1982,30696.0834382608,gdp_per_capita_constant_2015_usd,constant 2015 US dollars,accounts,World Bank gdp_per_capita
United States,1981,31559.1293376105,gdp_per_capita_constant_2015_usd,constant 2015 US dollars,accounts,World Bank gdp_per_capita
United States,1980,31081.6216322106,gdp_per_capita_constant_2015_usd,constant 2015 US dollars,accounts,World Bank gdp_per_capita
United States,1979,31462.1003882108,gdp_per_capita_constant_2015_usd,constant 2015 US dollars,accounts,World Bank gdp_per_capita
United States,1978,30834.9992322862,gdp_per_capita_constant_2015_usd,constant 2015 US dollars,accounts,World Bank gdp_per_capita
United States,1977,29528.9663682275,gdp_per_capita_constant_2015_usd,constant 2015 US dollars,accounts,World Bank gdp_per_capita
United States,1976,28509.1430593189,gdp_per_capita_constant_2015_usd,constant 2015 US dollars,accounts,World Bank gdp_per_capita
United States,1975,27309.8688183059,gdp_per_capita_constant_2015_usd,constant 2015 US dollars,accounts,World Bank gdp_per_capita
United States,1974,27637.2997756103,gdp_per_capita_constant_2015_usd,constant 2015 US dollars,accounts,World Bank gdp_per_capita
United States,1973,28042.5519181903,gdp_per_capita_constant_2015_usd,constant 2015 US dollars,accounts,World Bank gdp_per_capita
United States,1972,26798.5336106847,gdp_per_capita_constant_2015_usd,constant 2015 US dollars,accounts,World Bank gdp_per_capita
United States,1971,25734.4828317751,gdp_per_capita_constant_2015_usd,constant 2015 US dollars,accounts,World Bank gdp_per_capita
United States,1970,25231.1271587521,gdp_per_capita_constant_2015_usd,constant 2015 US dollars,accounts,World Bank gdp_per_capita
United States,1969,25471.6161794352,gdp_per_capita_constant_2015_usd,constant 2015 US dollars,accounts,World Bank gdp_per_capita
United States,1968,24948.3569003897,gdp_per_capita_constant_2015_usd,constant 2015 US dollars,accounts,World Bank gdp_per_capita
United States,1967,24044.5651288028,gdp_per_capita_constant_2015_usd,constant 2015 US dollars,accounts,World Bank gdp_per_capita
United States,1966,23714.9390303358,gdp_per_capita_constant_2015_usd,constant 2015 US dollars,accounts,World Bank gdp_per_capita
United States,1965,22526.2055153932,gdp_per_capita_constant_2015_usd,constant 2015 US dollars,accounts,World Bank gdp_per_capita
United States,1964,21437.5840707345,gdp_per_capita_constant_2015_usd,constant 2015 US dollars,accounts,World Bank gdp_per_capita
United States,1963,20545.7842448928,gdp_per_capita_constant_2015_usd,constant 2015 US dollars,accounts,World Bank gdp_per_capita
United States,1962,19965.1435740168,gdp_per_capita_constant_2015_usd,constant 2015 US dollars,accounts,World Bank gdp_per_capita
United States,1961,19108.9353618196,gdp_per_capita_constant_2015_usd,constant 2015 US dollars,accounts,World Bank gdp_per_capita
United States,1960,18991.5445998554,gdp_per_capita_constant_2015_usd,constant 2015 US dollars,accounts,World Bank gdp_per_capita
World,2025,12130.6633214662,gdp_per_capita_constant_2015_usd,constant 2015 US dollars,accounts,World Bank gdp_per_capita
World,2024,11894.2521505051,gdp_per_capita_constant_2015_usd,constant 2015 US dollars,accounts,World Bank gdp_per_capita
World,2023,11670.8224680822,gdp_per_capita_constant_2015_usd,constant 2015 US dollars,accounts,World Bank gdp_per_capita
World,2022,11452.0202124616,gdp_per_capita_constant_2015_usd,constant 2015 US dollars,accounts,World Bank gdp_per_capita
World,2021,11167.6044923385,gdp_per_capita_constant_2015_usd,constant 2015 US dollars,accounts,World Bank gdp_per_capita
World,2020,10575.2194883029,gdp_per_capita_constant_2015_usd,constant 2015 US dollars,accounts,World Bank gdp_per_capita
World,2019,10996.909518407,gdp_per_capita_constant_2015_usd,constant 2015 US dollars,accounts,World Bank gdp_per_capita
World,2018,10822.5745320636,gdp_per_capita_constant_2015_usd,constant 2015 US dollars,accounts,World Bank gdp_per_capita
World,2017,10591.5550846784,gdp_per_capita_constant_2015_usd,constant 2015 US dollars,accounts,World Bank gdp_per_capita
World,2016,10355.0449873521,gdp_per_capita_constant_2015_usd,constant 2015 US dollars,accounts,World Bank gdp_per_capita
World,2015,10191.9752512662,gdp_per_capita_constant_2015_usd,constant 2015 US dollars,accounts,World Bank gdp_per_capita
World,2014,10000.5832738734,gdp_per_capita_constant_2015_usd,constant 2015 US dollars,accounts,World Bank gdp_per_capita
World,2013,9811.02619687608,gdp_per_capita_constant_2015_usd,constant 2015 US dollars,accounts,World Bank gdp_per_capita
World,2012,9653.62748273357,gdp_per_capita_constant_2015_usd,constant 2015 US dollars,accounts,World Bank gdp_per_capita
World,2011,9514.51951048996,gdp_per_capita_constant_2015_usd,constant 2015 US dollars,accounts,World Bank gdp_per_capita
World,2010,9322.21791578106,gdp_per_capita_constant_2015_usd,constant 2015 US dollars,accounts,World Bank gdp_per_capita
World,2009,9028.22055162901,gdp_per_capita_constant_2015_usd,constant 2015 US dollars,accounts,World Bank gdp_per_capita
World,2008,9265.52655477352,gdp_per_capita_constant_2015_usd,constant 2015 US dollars,accounts,World Bank gdp_per_capita
World,2007,9191.47419679425,gdp_per_capita_constant_2015_usd,constant 2015 US dollars,accounts,World Bank gdp_per_capita
World,2006,8913.15666856363,gdp_per_capita_constant_2015_usd,constant 2015 US dollars,accounts,World Bank gdp_per_capita
World,2005,8639.35934743695,gdp_per_capita_constant_2015_usd,constant 2015 US dollars,accounts,World Bank gdp_per_capita
World,2004,8408.56458732623,gdp_per_capita_constant_2015_usd,constant 2015 US dollars,accounts,World Bank gdp_per_capita
World,2003,8151.0370050525,gdp_per_capita_constant_2015_usd,constant 2015 US dollars,accounts,World Bank gdp_per_capita
World,2002,8010.64724039979,gdp_per_capita_constant_2015_usd,constant 2015 US dollars,accounts,World Bank gdp_per_capita
World,2001,7932.44247045676,gdp_per_capita_constant_2015_usd,constant 2015 US dollars,accounts,World Bank gdp_per_capita
World,2000,7879.61788990331,gdp_per_capita_constant_2015_usd,constant 2015 US dollars,accounts,World Bank gdp_per_capita
World,1999,7638.92854068848,gdp_per_capita_constant_2015_usd,constant 2015 US dollars,accounts,World Bank gdp_per_capita
World,1998,7478.78410824619,gdp_per_capita_constant_2015_usd,constant 2015 US dollars,accounts,World Bank gdp_per_capita
World,1997,7381.77119872805,gdp_per_capita_constant_2015_usd,constant 2015 US dollars,accounts,World Bank gdp_per_capita
World,1996,7202.73987066597,gdp_per_capita_constant_2015_usd,constant 2015 US dollars,accounts,World Bank gdp_per_capita
World,1995,7057.77278518959,gdp_per_capita_constant_2015_usd,constant 2015 US dollars,accounts,World Bank gdp_per_capita
World,1994,6944.09107891381,gdp_per_capita_constant_2015_usd,constant 2015 US dollars,accounts,World Bank gdp_per_capita
World,1993,6818.5696934514,gdp_per_capita_constant_2015_usd,constant 2015 US dollars,accounts,World Bank gdp_per_capita
World,1992,6801.30548790075,gdp_per_capita_constant_2015_usd,constant 2015 US dollars,accounts,World Bank gdp_per_capita
World,1991,6773.41556784101,gdp_per_capita_constant_2015_usd,constant 2015 US dollars,accounts,World Bank gdp_per_capita
World,1990,6804.1256624154,gdp_per_capita_constant_2015_usd,constant 2015 US dollars,accounts,World Bank gdp_per_capita
World,1989,6741.21559672441,gdp_per_capita_constant_2015_usd,constant 2015 US dollars,accounts,World Bank gdp_per_capita
World,1988,6619.58069394832,gdp_per_capita_constant_2015_usd,constant 2015 US dollars,accounts,World Bank gdp_per_capita
World,1987,6446.30334343936,gdp_per_capita_constant_2015_usd,constant 2015 US dollars,accounts,World Bank gdp_per_capita
World,1986,6325.60696795708,gdp_per_capita_constant_2015_usd,constant 2015 US dollars,accounts,World Bank gdp_per_capita
World,1985,6233.01620995706,gdp_per_capita_constant_2015_usd,constant 2015 US dollars,accounts,World Bank gdp_per_capita
World,1984,6119.78747000196,gdp_per_capita_constant_2015_usd,constant 2015 US dollars,accounts,World Bank gdp_per_capita
World,1983,5947.17196185161,gdp_per_capita_constant_2015_usd,constant 2015 US dollars,accounts,World Bank gdp_per_capita
World,1982,5902.83631107186,gdp_per_capita_constant_2015_usd,constant 2015 US dollars,accounts,World Bank gdp_per_capita
World,1981,5986.16541634047,gdp_per_capita_constant_2015_usd,constant 2015 US dollars,accounts,World Bank gdp_per_capita
World,1980,5980.2496636777,gdp_per_capita_constant_2015_usd,constant 2015 US dollars,accounts,World Bank gdp_per_capita
World,1979,5978.08804044549,gdp_per_capita_constant_2015_usd,constant 2015 US dollars,accounts,World Bank gdp_per_capita
World,1978,5843.07195676427,gdp_per_capita_constant_2015_usd,constant 2015 US dollars,accounts,World Bank gdp_per_capita
World,1977,5710.21713028289,gdp_per_capita_constant_2015_usd,constant 2015 US dollars,accounts,World Bank gdp_per_capita
World,1976,5590.91891521715,gdp_per_capita_constant_2015_usd,constant 2015 US dollars,accounts,World Bank gdp_per_capita
World,1975,5409.8779133443,gdp_per_capita_constant_2015_usd,constant 2015 US dollars,accounts,World Bank gdp_per_capita
World,1974,5466.80512033489,gdp_per_capita_constant_2015_usd,constant 2015 US dollars,accounts,World Bank gdp_per_capita
World,1973,5464.50235085175,gdp_per_capita_constant_2015_usd,constant 2015 US dollars,accounts,World Bank gdp_per_capita
World,1972,5235.59521801848,gdp_per_capita_constant_2015_usd,constant 2015 US dollars,accounts,World Bank gdp_per_capita
World,1971,5060.96177798072,gdp_per_capita_constant_2015_usd,constant 2015 US dollars,accounts,World Bank gdp_per_capita
World,1970,4964.2668816199,gdp_per_capita_constant_2015_usd,constant 2015 US dollars,accounts,World Bank gdp_per_capita
World,1969,4884.72781217999,gdp_per_capita_constant_2015_usd,constant 2015 US dollars,accounts,World Bank gdp_per_capita
World,1968,4706.69204485463,gdp_per_capita_constant_2015_usd,constant 2015 US dollars,accounts,World Bank gdp_per_capita
World,1967,4534.50435177488,gdp_per_capita_constant_2015_usd,constant 2015 US dollars,accounts,World Bank gdp_per_capita
World,1966,4461.25201113523,gdp_per_capita_constant_2015_usd,constant 2015 US dollars,accounts,World Bank gdp_per_capita
World,1965,4321.26359482416,gdp_per_capita_constant_2015_usd,constant 2015 US dollars,accounts,World Bank gdp_per_capita
World,1964,4176.12872214355,gdp_per_capita_constant_2015_usd,constant 2015 US dollars,accounts,World Bank gdp_per_capita
World,1963,3999.11737367727,gdp_per_capita_constant_2015_usd,constant 2015 US dollars,accounts,World Bank gdp_per_capita
World,1962,3889.44169880341,gdp_per_capita_constant_2015_usd,constant 2015 US dollars,accounts,World Bank gdp_per_capita
World,1961,3758.77250262805,gdp_per_capita_constant_2015_usd,constant 2015 US dollars,accounts,World Bank gdp_per_capita
World,1960,3666.59082061073,gdp_per_capita_constant_2015_usd,constant 2015 US dollars,accounts,World Bank gdp_per_capita
United States,2024,100.0,electricity_access,percent of population,provision,World Bank electricity_access
United States,2023,100.0,electricity_access,percent of population,provision,World Bank electricity_access
United States,2022,100.0,electricity_access,percent of population,provision,World Bank electricity_access
United States,2021,100.0,electricity_access,percent of population,provision,World Bank electricity_access
United States,2020,100.0,electricity_access,percent of population,provision,World Bank electricity_access
United States,2019,100.0,electricity_access,percent of population,provision,World Bank electricity_access
United States,2018,100.0,electricity_access,percent of population,provision,World Bank electricity_access
United States,2017,100.0,electricity_access,percent of population,provision,World Bank electricity_access
United States,2016,100.0,electricity_access,percent of population,provision,World Bank electricity_access
United States,2015,100.0,electricity_access,percent of population,provision,World Bank electricity_access
United States,2014,100.0,electricity_access,percent of population,provision,World Bank electricity_access
United States,2013,100.0,electricity_access,percent of population,provision,World Bank electricity_access
United States,2012,100.0,electricity_access,percent of population,provision,World Bank electricity_access
United States,2011,100.0,electricity_access,percent of population,provision,World Bank electricity_access
United States,2010,100.0,electricity_access,percent of population,provision,World Bank electricity_access
United States,2009,100.0,electricity_access,percent of population,provision,World Bank electricity_access
United States,2008,100.0,electricity_access,percent of population,provision,World Bank electricity_access
United States,2007,100.0,electricity_access,percent of population,provision,World Bank electricity_access
United States,2006,100.0,electricity_access,percent of population,provision,World Bank electricity_access
United States,2005,100.0,electricity_access,percent of population,provision,World Bank electricity_access
United States,2004,100.0,electricity_access,percent of population,provision,World Bank electricity_access
United States,2003,100.0,electricity_access,percent of population,provision,World Bank electricity_access
United States,2002,100.0,electricity_access,percent of population,provision,World Bank electricity_access
United States,2001,100.0,electricity_access,percent of population,provision,World Bank electricity_access
United States,2000,100.0,electricity_access,percent of population,provision,World Bank electricity_access
United States,1999,100.0,electricity_access,percent of population,provision,World Bank electricity_access
United States,1998,100.0,electricity_access,percent of population,provision,World Bank electricity_access
United States,1997,100.0,electricity_access,percent of population,provision,World Bank electricity_access
United States,1996,100.0,electricity_access,percent of population,provision,World Bank electricity_access
United States,1995,100.0,electricity_access,percent of population,provision,World Bank electricity_access
United States,1994,100.0,electricity_access,percent of population,provision,World Bank electricity_access
United States,1993,100.0,electricity_access,percent of population,provision,World Bank electricity_access
United States,1992,100.0,electricity_access,percent of population,provision,World Bank electricity_access
United States,1991,100.0,electricity_access,percent of population,provision,World Bank electricity_access
United States,1990,100.0,electricity_access,percent of population,provision,World Bank electricity_access
World,2024,91.9264843853681,electricity_access,percent of population,provision,World Bank electricity_access
World,2023,91.6034762480239,electricity_access,percent of population,provision,World Bank electricity_access
World,2022,91.2817736699915,electricity_access,percent of population,provision,World Bank electricity_access
World,2021,91.3385144099012,electricity_access,percent of population,provision,World Bank electricity_access
World,2020,90.3995467820191,electricity_access,percent of population,provision,World Bank electricity_access
World,2019,90.1089635853778,electricity_access,percent of population,provision,World Bank electricity_access
World,2018,89.8011777019155,electricity_access,percent of population,provision,World Bank electricity_access
World,2017,88.9357124003312,electricity_access,percent of population,provision,World Bank electricity_access
World,2016,88.1080967238499,electricity_access,percent of population,provision,World Bank electricity_access
World,2015,86.9273667608945,electricity_access,percent of population,provision,World Bank electricity_access
World,2014,86.198537437738,electricity_access,percent of population,provision,World Bank electricity_access
World,2013,85.7136907083818,electricity_access,percent of population,provision,World Bank electricity_access
World,2012,84.9391555731035,electricity_access,percent of population,provision,World Bank electricity_access
World,2011,84.5088722141776,electricity_access,percent of population,provision,World Bank electricity_access
World,2010,83.4501564252405,electricity_access,percent of population,provision,World Bank electricity_access
World,2009,82.8688257633761,electricity_access,percent of population,provision,World Bank electricity_access
World,2008,82.6714183692273,electricity_access,percent of population,provision,World Bank electricity_access
World,2007,81.9745726621334,electricity_access,percent of population,provision,World Bank electricity_access
World,2006,81.3567271905369,electricity_access,percent of population,provision,World Bank electricity_access
World,2005,80.7045758983383,electricity_access,percent of population,provision,World Bank electricity_access
World,2004,79.9557071016267,electricity_access,percent of population,provision,World Bank electricity_access
World,2003,79.9684714685475,electricity_access,percent of population,provision,World Bank electricity_access
World,2002,79.1043589102051,electricity_access,percent of population,provision,World Bank electricity_access
World,2001,78.718809926323,electricity_access,percent of population,provision,World Bank electricity_access
World,2000,78.224965031972,electricity_access,percent of population,provision,World Bank electricity_access
World,1999,74.5078582821173,electricity_access,percent of population,provision,World Bank electricity_access
World,1998,73.2005808465702,electricity_access,percent of population,provision,World Bank electricity_access
United States,2024,97.5676884437325,safely_managed_water,percent of population,provision,World Bank safe_water
United States,2023,97.5661860919937,safely_managed_water,percent of population,provision,World Bank safe_water
United States,2022,97.4683905274108,safely_managed_water,percent of population,provision,World Bank safe_water
United States,2021,97.3193057406534,safely_managed_water,percent of population,provision,World Bank safe_water
United States,2020,97.1649564638787,safely_managed_water,percent of population,provision,World Bank safe_water
United States,2019,97.0093306324818,safely_managed_water,percent of population,provision,World Bank safe_water
United States,2018,96.8524248605791,safely_managed_water,percent of population,provision,World Bank safe_water
United States,2017,96.6943498319154,safely_managed_water,percent of population,provision,World Bank safe_water
United States,2016,96.5350702012036,safely_managed_water,percent of population,provision,World Bank safe_water
United States,2015,96.3747156560664,safely_managed_water,percent of population,provision,World Bank safe_water
United States,2014,96.2132629086569,safely_managed_water,percent of population,provision,World Bank safe_water
United States,2013,96.050805552546,safely_managed_water,percent of population,provision,World Bank safe_water
United States,2012,95.8873856789804,safely_managed_water,percent of population,provision,World Bank safe_water
United States,2011,95.7230928938337,safely_managed_water,percent of population,provision,World Bank safe_water
United States,2010,95.5578903758392,safely_managed_water,percent of population,provision,World Bank safe_water
United States,2009,95.3919740898134,safely_managed_water,percent of population,provision,World Bank safe_water
United States,2008,95.3828332115417,safely_managed_water,percent of population,provision,World Bank safe_water
United States,2007,95.3736387116545,safely_managed_water,percent of population,provision,World Bank safe_water
United States,2006,95.3643930826933,safely_managed_water,percent of population,provision,World Bank safe_water
United States,2005,95.355088514175,safely_managed_water,percent of population,provision,World Bank safe_water
World,2024,73.6686144265244,safely_managed_water,percent of population,provision,World Bank safe_water
World,2023,71.9907403245118,safely_managed_water,percent of population,provision,World Bank safe_water
World,2022,71.5080020640923,safely_managed_water,percent of population,provision,World Bank safe_water
World,2021,70.9952769597765,safely_managed_water,percent of population,provision,World Bank safe_water
World,2020,70.4784606380115,safely_managed_water,percent of population,provision,World Bank safe_water
World,2019,69.946037359687,safely_managed_water,percent of population,provision,World Bank safe_water
World,2018,69.3903638517939,safely_managed_water,percent of population,provision,World Bank safe_water
World,2017,68.818921544456,safely_managed_water,percent of population,provision,World Bank safe_water
World,2016,68.2411717345558,safely_managed_water,percent of population,provision,World Bank safe_water
World,2015,67.6504377531236,safely_managed_water,percent of population,provision,World Bank safe_water
World,2014,67.0612035289485,safely_managed_water,percent of population,provision,World Bank safe_water
World,2013,66.4713029467872,safely_managed_water,percent of population,provision,World Bank safe_water
World,2012,65.8869865001761,safely_managed_water,percent of population,provision,World Bank safe_water
World,2011,65.3227715045301,safely_managed_water,percent of population,provision,World Bank safe_water
World,2010,64.8164573458294,safely_managed_water,percent of population,provision,World Bank safe_water
World,2009,64.2906505441352,safely_managed_water,percent of population,provision,World Bank safe_water
World,2008,63.7620533556781,safely_managed_water,percent of population,provision,World Bank safe_water
World,2007,63.4492647908181,safely_managed_water,percent of population,provision,World Bank safe_water
World,2006,63.1316570759531,safely_managed_water,percent of population,provision,World Bank safe_water
World,2005,62.8072334946997,safely_managed_water,percent of population,provision,World Bank safe_water
World,2004,62.4557839969167,safely_managed_water,percent of population,provision,World Bank safe_water
World,2003,62.1281324963474,safely_managed_water,percent of population,provision,World Bank safe_water
World,2002,61.8023813703793,safely_managed_water,percent of population,provision,World Bank safe_water
World,2001,61.4811114393704,safely_managed_water,percent of population,provision,World Bank safe_water
World,2000,61.2482581100601,safely_managed_water,percent of population,provision,World Bank safe_water
World,2000,12.8,undernourishment,percent of population,provision,"UN SDG API, FAO prevalence of undernourishment (SDG 2.1.1)"
World,2001,13.0,undernourishment,percent of population,provision,"UN SDG API, FAO prevalence of undernourishment (SDG 2.1.1)"
World,2002,13.2,undernourishment,percent of population,provision,"UN SDG API, FAO prevalence of undernourishment (SDG 2.1.1)"
World,2003,12.9,undernourishment,percent of population,provision,"UN SDG API, FAO prevalence of undernourishment (SDG 2.1.1)"
World,2004,12.7,undernourishment,percent of population,provision,"UN SDG API, FAO prevalence of undernourishment (SDG 2.1.1)"
World,2005,12.1,undernourishment,percent of population,provision,"UN SDG API, FAO prevalence of undernourishment (SDG 2.1.1)"
World,2006,11.0,undernourishment,percent of population,provision,"UN SDG API, FAO prevalence of undernourishment (SDG 2.1.1)"
World,2007,10.0,undernourishment,percent of population,provision,"UN SDG API, FAO prevalence of undernourishment (SDG 2.1.1)"
World,2008,9.3,undernourishment,percent of population,provision,"UN SDG API, FAO prevalence of undernourishment (SDG 2.1.1)"
World,2009,9.0,undernourishment,percent of population,provision,"UN SDG API, FAO prevalence of undernourishment (SDG 2.1.1)"
World,2010,8.7,undernourishment,percent of population,provision,"UN SDG API, FAO prevalence of undernourishment (SDG 2.1.1)"
World,2011,8.2,undernourishment,percent of population,provision,"UN SDG API, FAO prevalence of undernourishment (SDG 2.1.1)"
World,2012,8.2,undernourishment,percent of population,provision,"UN SDG API, FAO prevalence of undernourishment (SDG 2.1.1)"
World,2013,7.7,undernourishment,percent of population,provision,"UN SDG API, FAO prevalence of undernourishment (SDG 2.1.1)"
World,2014,7.4,undernourishment,percent of population,provision,"UN SDG API, FAO prevalence of undernourishment (SDG 2.1.1)"
World,2015,8.0,undernourishment,percent of population,provision,"UN SDG API, FAO prevalence of undernourishment (SDG 2.1.1)"
World,2016,7.6,undernourishment,percent of population,provision,"UN SDG API, FAO prevalence of undernourishment (SDG 2.1.1)"
World,2017,7.2,undernourishment,percent of population,provision,"UN SDG API, FAO prevalence of undernourishment (SDG 2.1.1)"
World,2018,7.4,undernourishment,percent of population,provision,"UN SDG API, FAO prevalence of undernourishment (SDG 2.1.1)"
World,2019,7.5,undernourishment,percent of population,provision,"UN SDG API, FAO prevalence of undernourishment (SDG 2.1.1)"
World,2020,8.4,undernourishment,percent of population,provision,"UN SDG API, FAO prevalence of undernourishment (SDG 2.1.1)"
World,2021,8.6,undernourishment,percent of population,provision,"UN SDG API, FAO prevalence of undernourishment (SDG 2.1.1)"
World,2022,8.6,undernourishment,percent of population,provision,"UN SDG API, FAO prevalence of undernourishment (SDG 2.1.1)"
World,2023,8.5,undernourishment,percent of population,provision,"UN SDG API, FAO prevalence of undernourishment (SDG 2.1.1)"
World,2024,8.1,undernourishment,percent of population,provision,"UN SDG API, FAO prevalence of undernourishment (SDG 2.1.1)"
World,2025,7.8,undernourishment,percent of population,provision,"UN SDG API, FAO prevalence of undernourishment (SDG 2.1.1)"
